"","year","asylum","border","borders","canada","citizen","citizens","citizenship","cross","crossing","cuba","customs","deport","deportation","deportations","deported","detain","detained","documented","emigration","ethnic","foreign","foreigner","hispanic","illegal","immigrant","immigrants","immigrate","immigration","labor","laborers","latin","latino","mexican","mexico","migrant","migrants","minorities","minority","naturalization","naturalized","racial","racism","racist","refugee","refugees","separate","separated","undocumented","immigration_total","percent_immigration","afghanistan","afraid","army","battle","combat","conflict","cyber","cybersecurity","enemies","enemy","fear","fears","fight","fights","force","fought","genocide","iran","iraq","isis","israel","jihad","korea","marine","marines","militant","military","missile","missiles","navy","nuclear","proxy","qaeda","russia","soldier","soldiers","soviet","struggle","taliban","terror","terrorism","terrorist","terrorists","threat","threaten","threatens","threats","trench","trenches","troop","troops","ussr","vietnam","war","warfare","wars","wartime","war_total","percent_war","billionaire","billionaires","cash","class","consumer","consumers","crash","crashes","debt","demand","downturn","economic","economics","economy","employment","exchange","finance","financial","gdp","goods","growth","inflation","job","jobs","loan","loans","market","markets","millionaire","millionaires","paycheck","paychecks","pension","pensions","pocketbook","poor","poverty","price","prices","recession","retire","retirement","rich","saving","stock","stocks","tax","taxes","trade","unemployed","unemployment","economy_total","percent_economy","president","party","against","american","change","child","crisis","faith","family","great","hope","together","unite","interesting_total","percent_interesting"
"1",1866,0,0,0,2,11,10,0,0,0,0,0,0,0,0,0,0,0,0,4,0,10,1,0,0,0,0,0,0,1,0,1,0,0,10,0,0,0,0,2,1,0,0,0,0,0,0,0,0,53,0.743650905,0,0,2,0,0,0,0,0,1,0,0,0,0,0,11,0,0,0,0,1,0,0,0,0,0,0,8,0,0,3,0,0,0,4,3,2,0,1,0,0,0,0,0,1,1,0,0,2,0,1,1,0,0,30,0,1,0,73,1.024273888,0,0,0,3,0,0,0,0,5,1,0,0,0,1,0,0,2,0,0,0,1,0,0,0,0,0,2,0,0,0,0,0,4,0,0,0,0,1,0,0,1,0,1,0,0,0,4,1,2,1,0,30,0.420934475,"Johnson","Democratic",11,5,6,0,1,9,0,19,3,1,34,89,1.248772274
"2",1867,0,0,0,0,12,9,1,0,0,0,0,0,0,0,0,0,0,0,0,0,6,1,0,0,0,0,0,0,4,1,6,0,0,1,1,1,0,0,2,2,0,0,0,0,0,2,0,0,49,0.408980886,0,0,6,2,0,5,0,0,3,3,1,1,1,0,14,1,0,0,0,0,0,0,0,0,0,0,15,0,0,5,0,0,0,4,1,1,0,0,0,1,0,0,0,0,0,0,0,1,0,0,0,0,0,39,0,2,0,106,0.884734162,0,0,1,15,0,0,0,0,12,6,0,1,0,4,0,1,4,2,0,0,0,0,0,0,1,0,1,0,0,0,0,0,4,0,0,1,0,1,0,0,0,0,4,1,0,0,11,1,8,0,0,79,0.659377347,"Johnson","Democratic",10,9,6,3,0,14,0,37,2,8,18,107,0.893080711
"3",1868,3,0,0,0,13,12,1,1,0,2,1,0,0,0,0,0,0,0,0,0,10,0,0,0,0,0,0,0,4,1,7,0,2,6,0,0,0,0,0,3,0,0,0,0,0,0,0,0,66,0.672303148,0,0,7,0,0,2,0,0,1,0,0,0,0,0,10,0,0,0,0,0,0,0,0,0,0,0,5,0,0,5,0,0,0,1,1,1,0,1,0,0,0,0,0,1,1,0,0,2,0,0,0,0,0,45,0,2,0,85,0.865844963,0,0,1,4,0,0,0,0,20,9,0,1,0,5,0,2,2,0,0,0,4,0,0,0,1,0,0,0,0,0,0,0,6,1,0,1,0,1,0,0,0,0,2,1,0,0,9,1,6,0,0,77,0.784353672,"Johnson","Democratic",5,8,4,0,0,4,2,26,6,0,38,93,0.947336253
"4",1869,0,1,1,1,15,9,1,0,0,8,1,0,0,0,0,1,0,0,0,0,2,0,0,1,0,0,0,0,8,0,2,0,0,0,2,0,0,0,0,1,0,0,0,0,0,2,0,0,56,0.727083874,0,0,8,0,0,1,0,0,0,0,0,0,0,0,4,0,0,0,0,0,0,0,0,2,0,0,4,0,0,3,0,0,0,3,1,1,0,4,0,0,0,0,0,1,1,1,0,0,0,3,3,0,0,25,0,1,0,66,0.85692028,0,0,2,5,0,0,0,0,13,1,0,2,0,1,1,1,0,1,0,0,1,0,0,0,1,0,2,1,0,0,0,0,4,0,0,0,0,1,0,0,0,0,1,0,1,0,9,1,6,0,0,55,0.714100234,"Grant","Republican",7,3,6,0,0,6,2,19,7,0,40,90,1.168527655
"5",1870,0,5,2,8,16,14,0,1,0,7,0,0,0,0,0,0,0,0,0,0,15,3,0,1,0,0,0,0,11,2,1,0,1,1,0,0,0,0,1,0,0,0,0,0,0,2,1,0,92,1.053113553,0,0,6,0,0,1,0,0,0,1,1,0,0,0,4,0,0,0,0,0,0,0,0,4,0,0,3,0,0,6,0,0,0,1,2,2,0,1,0,0,0,0,0,1,1,0,0,0,0,0,0,0,0,31,0,0,0,65,0.744047619,0,0,1,1,1,0,0,0,7,4,0,1,0,1,2,2,0,0,0,2,1,0,0,0,1,0,4,2,0,0,0,0,11,5,0,0,0,3,1,0,0,0,2,1,0,0,8,1,10,0,0,72,0.824175824,"Grant","Republican",6,14,5,0,0,4,0,28,8,1,57,123,1.407967033
"6",1871,0,0,0,0,17,17,0,0,0,5,1,0,0,0,0,0,0,0,0,0,7,0,0,0,2,2,0,1,6,2,3,0,0,2,2,2,0,0,1,0,0,1,0,0,0,1,1,0,73,1.130380923,0,0,2,0,0,1,0,0,0,0,0,0,0,0,9,0,0,0,0,0,0,0,2,2,0,0,2,0,0,7,0,0,0,2,0,0,0,1,0,0,0,0,0,1,0,0,1,0,0,0,0,0,0,16,0,0,0,46,0.712294828,0,0,0,3,0,0,0,0,2,2,0,1,0,1,1,3,1,0,0,1,1,0,0,0,0,0,0,0,0,0,0,0,1,0,0,0,0,1,1,0,0,0,0,0,0,0,4,1,1,0,0,25,0.387116754,"Grant","Republican",6,8,5,4,0,0,2,20,8,0,34,87,1.347166305
"7",1872,0,2,0,0,11,11,0,0,0,5,2,0,0,0,0,0,0,0,0,0,5,1,0,0,0,0,0,0,4,0,3,0,1,3,0,0,0,0,2,0,0,0,0,0,0,0,0,0,50,1.253446979,0,0,0,0,0,1,0,0,0,0,0,0,0,0,2,0,0,0,0,0,0,0,0,0,0,0,1,0,0,1,0,0,0,2,0,0,0,0,0,0,0,0,0,3,3,0,0,0,0,2,2,0,0,19,0,0,0,36,0.902481825,0,0,0,0,0,0,0,0,2,0,0,0,0,0,0,2,0,0,0,0,0,0,0,0,0,0,0,0,0,0,0,0,0,0,0,0,0,0,0,0,0,0,0,0,0,0,1,0,1,0,0,6,0.150413638,"Grant","Republican",0,6,4,0,0,0,1,18,7,0,29,65,1.629481073
"8",1873,0,0,0,1,20,18,1,1,0,9,0,0,0,0,0,0,0,0,0,0,10,1,0,3,0,0,0,1,5,0,5,0,0,2,0,0,0,0,2,1,0,0,0,0,0,0,0,0,80,0.798243864,0,0,4,0,0,1,0,0,0,0,0,0,0,0,7,0,0,0,0,1,0,0,0,2,1,0,4,0,0,11,0,0,0,2,2,2,0,1,0,0,0,0,0,2,2,0,0,0,0,2,2,0,0,32,0,0,0,78,0.778287767,0,0,2,8,2,2,0,0,4,8,0,1,0,3,1,4,0,4,0,0,2,4,0,0,2,1,4,1,0,0,0,0,11,2,0,0,0,4,3,0,0,0,0,3,1,0,0,0,7,1,0,85,0.848134105,"Grant","Republican",15,18,6,3,1,0,0,21,7,1,46,118,1.177409699
"9",1874,0,0,0,0,28,23,6,0,0,1,0,0,0,0,0,0,0,0,0,0,14,1,0,2,1,1,0,0,16,1,1,0,1,4,1,1,0,0,8,2,0,0,0,0,0,1,0,0,113,1.229062432,0,0,4,0,0,2,0,0,0,0,2,0,0,0,8,0,0,0,0,0,0,0,0,0,0,0,2,0,0,5,0,0,0,2,1,1,0,0,0,1,0,0,0,3,1,0,2,0,0,2,2,0,0,17,1,0,0,56,0.609092887,0,0,0,6,1,0,0,0,15,4,0,0,0,1,5,7,0,1,0,2,2,0,0,0,0,0,3,1,0,0,0,0,4,2,0,0,0,1,1,0,0,0,0,0,0,0,5,0,4,1,0,66,0.717859474,"Grant","Republican",8,11,10,1,0,6,0,25,11,1,30,103,1.120295845
"10",1875,0,0,0,0,29,27,5,0,0,11,3,0,0,0,0,0,0,0,2,0,14,2,0,0,0,0,0,0,2,1,5,0,3,5,1,0,0,0,7,7,0,0,0,0,0,4,1,0,129,1.057117102,0,0,3,0,0,8,0,0,0,0,1,0,2,0,9,0,0,0,0,0,0,0,0,3,0,0,2,0,0,10,0,0,0,0,0,0,0,1,0,0,0,0,0,2,2,0,0,0,0,1,1,0,0,27,2,0,0,74,0.60640826,0,0,1,4,6,5,0,0,4,12,0,0,0,1,0,1,1,1,0,0,1,1,0,0,0,0,4,2,0,0,0,0,12,4,0,0,0,1,1,0,0,0,1,0,1,0,9,2,4,0,0,79,0.647381791,"Grant","Republican",6,11,6,4,0,2,0,32,10,2,59,132,1.081701221
"11",1876,0,0,0,0,22,19,3,0,0,6,0,0,0,0,0,0,0,0,1,0,17,2,0,0,1,1,0,0,12,0,2,0,2,6,4,3,0,0,6,3,0,0,0,0,0,1,0,0,111,1.634035036,0,0,6,0,0,1,0,0,0,2,0,0,0,0,5,0,0,0,0,0,0,0,0,0,0,0,0,0,0,7,0,0,0,1,0,0,0,1,0,0,0,0,0,2,1,0,1,1,0,2,2,0,0,21,0,0,0,53,0.780214927,0,0,0,3,0,0,0,0,4,2,0,1,0,3,1,1,0,1,0,1,1,0,0,0,0,0,3,0,0,0,0,0,0,0,0,1,0,1,0,0,0,0,1,1,1,0,2,1,2,0,0,31,0.456352127,"Grant","Republican",11,5,9,1,0,1,0,15,2,3,47,94,1.383777418
"12",1877,0,9,2,0,15,13,1,1,1,2,4,0,0,0,0,0,0,0,1,0,8,0,0,0,0,0,0,0,4,0,1,0,6,7,1,1,0,0,1,1,0,0,0,0,0,0,0,0,79,0.985406012,0,0,10,1,0,0,0,0,0,0,1,0,0,0,6,1,0,0,0,0,0,0,0,0,0,0,5,0,0,2,0,0,0,2,1,1,0,0,0,0,0,0,0,1,1,0,0,0,0,4,4,0,0,18,0,0,0,58,0.723462642,0,0,0,4,0,0,0,0,13,4,0,0,0,0,3,3,1,1,0,1,0,0,0,0,0,0,2,2,0,0,0,0,0,0,0,0,0,2,1,0,1,0,1,3,0,0,10,5,10,0,0,67,0.835724086,"Hayes","Republican",6,7,10,0,0,6,0,22,3,0,28,82,1.022826494
"13",1878,0,3,1,0,18,14,1,1,0,1,1,0,0,0,0,0,0,0,0,0,5,0,0,0,0,0,0,0,5,0,2,0,2,3,0,0,0,0,0,0,0,0,0,0,0,0,0,0,57,0.72325847,0,0,5,0,0,2,0,0,0,0,1,0,0,0,12,0,0,0,0,0,0,0,0,1,0,0,2,0,0,2,0,0,0,0,1,0,0,0,0,0,0,0,0,1,1,0,0,0,0,3,3,0,0,14,0,0,0,48,0.609059764,0,0,1,0,0,0,0,0,5,6,0,1,0,1,3,1,1,2,0,0,2,0,0,0,0,0,0,0,0,0,0,0,2,0,0,0,0,0,0,0,0,0,1,1,0,0,0,0,3,0,0,30,0.380662352,"Hayes","Republican",4,2,4,4,0,5,0,12,3,0,23,57,0.72325847
"14",1879,0,4,0,0,28,22,2,3,1,1,0,0,0,0,0,0,0,0,1,0,7,0,0,0,0,0,0,0,12,0,1,0,2,4,1,1,0,0,1,1,0,0,0,0,0,1,0,0,93,0.799518569,0,0,3,0,0,0,0,0,0,0,0,0,0,0,16,0,0,1,0,0,0,0,0,2,0,0,8,0,0,3,0,0,0,2,0,0,0,0,0,0,0,0,0,0,0,0,0,0,0,1,1,0,0,22,0,0,0,59,0.507221458,0,0,0,2,1,0,0,0,8,10,0,1,0,3,1,5,1,3,0,0,0,0,0,0,0,0,4,1,0,0,0,0,2,2,0,0,0,2,0,0,1,1,0,1,0,0,3,0,8,0,0,60,0.515818432,"Hayes","Republican",3,10,15,2,0,1,0,29,3,1,50,114,0.980055021
"15",1880,0,2,0,0,19,15,3,3,1,0,2,0,0,0,0,0,0,0,0,0,10,0,0,0,1,1,0,2,5,0,2,0,1,4,1,1,0,0,1,2,0,0,0,0,0,0,0,0,76,1.134836494,0,0,0,0,0,2,0,0,0,0,0,0,1,0,7,0,0,0,0,0,0,0,0,2,0,0,2,0,0,1,0,0,0,1,0,0,0,0,0,0,0,0,0,1,1,0,0,0,0,0,0,0,0,11,0,0,0,29,0.433029715,0,0,0,2,0,0,0,0,1,6,0,1,0,1,1,2,1,2,0,0,1,0,0,0,0,0,1,1,0,0,0,0,0,0,0,0,0,0,0,0,0,0,0,0,0,0,2,0,13,0,0,35,0.52262207,"Hayes","Republican",5,7,3,0,0,3,1,16,5,3,29,72,1.075108257
"16",1881,0,1,0,0,7,6,0,4,0,0,2,0,0,0,0,0,0,0,2,0,6,0,0,0,0,0,0,1,1,0,1,0,1,3,0,0,0,0,0,1,0,0,0,0,0,1,0,0,37,0.96807954,0,0,0,0,0,2,0,0,0,0,0,0,0,0,1,0,0,0,0,0,1,0,0,0,0,0,1,0,0,2,0,0,0,2,0,0,0,0,0,0,0,0,0,1,1,1,0,0,0,1,1,0,0,13,0,0,0,27,0.706436421,0,0,1,1,0,0,0,0,3,3,0,0,0,0,0,1,1,0,0,1,0,0,0,0,1,0,0,0,0,0,0,0,1,1,0,0,0,0,0,0,0,0,1,0,1,0,1,0,3,0,0,20,0.523286238,"Arthur","Republican",3,14,5,0,0,0,1,4,5,0,19,51,1.334379906
"17",1882,0,2,2,0,8,7,0,3,1,0,2,0,0,0,0,0,0,0,0,0,6,0,0,0,1,1,0,2,3,2,1,0,0,4,1,1,0,0,1,0,0,0,0,0,0,0,0,0,48,1.565047277,0,0,0,0,0,0,0,0,0,0,0,0,0,0,4,0,0,0,0,0,0,0,1,1,0,0,1,0,0,1,0,0,0,3,0,0,0,0,0,0,0,0,0,0,0,0,0,0,0,0,0,0,0,5,0,0,0,16,0.521682426,0,0,1,0,0,0,0,0,2,4,0,0,0,0,0,1,0,0,0,0,0,0,0,0,5,0,0,0,0,0,0,0,1,1,0,0,0,0,0,0,0,0,0,0,0,0,1,0,2,0,0,18,0.586892729,"Arthur","Republican",3,8,4,0,0,1,0,3,3,0,14,36,1.173785458
"18",1883,0,0,0,1,14,13,0,1,1,3,3,1,1,0,0,0,0,0,0,0,9,2,0,1,1,1,0,1,1,0,0,0,3,7,2,2,0,0,1,0,0,0,0,0,0,0,0,0,69,1.82346723,0,0,0,0,0,1,0,0,0,0,0,0,1,0,3,0,0,0,0,0,0,0,4,0,0,0,2,0,0,3,0,0,0,1,1,1,0,0,0,0,0,0,0,0,0,0,0,0,0,1,1,0,0,8,0,0,0,27,0.713530655,0,0,1,4,0,0,0,0,4,3,0,0,0,0,1,2,0,1,0,0,0,0,0,0,8,0,1,1,0,0,0,0,3,2,0,0,0,0,0,0,0,0,2,0,1,0,5,0,7,0,0,46,1.21564482,"Arthur","Republican",5,6,4,0,0,2,1,2,2,0,16,38,1.00422833
"19",1884,0,1,1,0,17,16,3,2,0,3,2,0,0,0,0,0,0,0,0,0,19,2,0,0,1,1,0,1,5,0,2,0,2,2,1,1,0,0,6,1,0,0,0,0,0,1,0,0,90,1.005923773,0,0,7,0,0,3,0,0,0,1,0,0,0,0,2,0,0,0,0,0,0,0,1,4,0,0,2,0,0,7,0,0,0,1,0,0,0,0,0,1,0,0,0,0,0,0,0,0,0,1,1,0,0,20,1,0,0,52,0.581200402,0,0,0,2,0,0,0,0,3,5,0,0,0,2,2,2,1,0,0,2,0,0,0,0,0,0,4,2,0,0,0,0,4,1,0,0,0,0,0,0,3,1,4,1,1,0,6,2,11,0,0,59,0.659438918,"Arthur","Republican",6,17,7,2,0,1,0,9,5,3,29,79,0.882977534
"20",1885,0,1,1,2,43,35,11,6,0,1,7,0,0,0,0,0,0,0,0,0,20,1,0,0,0,0,0,3,14,3,16,0,0,10,0,0,0,0,6,2,0,0,0,0,0,1,0,0,183,0.926769979,0,0,13,1,0,2,0,0,0,0,3,0,0,0,15,0,0,0,0,0,0,0,4,1,0,0,10,0,0,15,0,0,0,3,5,4,0,1,0,0,0,0,0,5,5,1,0,0,0,3,3,0,0,44,0,0,0,138,0.698875722,0,0,0,9,2,1,0,0,8,7,0,3,0,3,3,2,1,3,0,0,1,0,0,0,0,0,2,2,0,0,0,0,5,2,0,2,0,6,1,0,0,0,2,6,4,3,5,0,8,1,0,92,0.465917148,"Cleveland","Democratic",23,19,18,6,0,8,3,25,11,2,70,185,0.936898612
"21",1886,0,0,0,1,42,30,9,3,1,1,7,0,0,0,0,0,0,0,1,0,16,2,0,1,0,0,0,0,21,0,12,0,8,12,0,0,0,0,2,4,0,0,0,0,0,0,0,0,173,1.14304592,0,0,5,1,0,2,0,0,1,0,1,0,0,0,8,2,0,0,0,0,0,0,0,1,0,0,1,0,0,7,0,0,0,1,8,6,0,3,0,1,0,0,0,6,6,1,0,1,0,0,0,0,0,26,0,0,0,88,0.581433763,0,0,1,6,1,0,0,0,8,11,0,2,0,6,0,3,1,1,0,0,4,0,0,0,0,0,3,2,0,0,0,0,32,11,0,1,0,12,2,0,1,0,0,3,0,0,13,0,8,0,0,132,0.872150644,"Cleveland","Democratic",13,21,16,2,0,3,2,17,10,3,37,124,0.819293029
"22",1887,0,0,0,0,5,3,0,0,0,0,2,0,0,0,0,0,0,0,0,0,3,0,0,0,0,0,0,0,11,2,3,0,0,0,0,0,0,1,0,0,0,0,0,0,0,0,0,0,30,0.567214974,0,0,0,0,0,0,0,0,0,0,1,0,0,0,2,0,0,0,0,0,0,0,0,0,0,0,0,0,0,0,0,0,0,0,0,0,0,0,0,0,0,0,0,1,1,0,0,0,0,0,0,0,0,5,0,0,0,10,0.189071658,0,0,1,2,7,4,0,0,3,7,0,2,0,0,2,0,1,8,0,5,1,0,0,0,0,0,3,1,0,0,0,0,0,0,0,1,0,28,6,0,1,0,0,1,0,0,21,1,8,1,0,115,2.174324069,"Cleveland","Democratic",2,5,3,1,0,0,3,8,1,2,1,26,0.491586311
"23",1888,0,2,1,3,31,24,8,0,0,0,2,0,0,0,0,0,0,0,0,0,9,1,0,1,0,0,0,1,7,1,7,0,1,2,0,0,0,1,3,0,0,0,0,0,0,0,0,0,105,1.164079823,0,0,5,1,0,0,0,0,0,0,1,0,0,0,4,0,0,0,0,1,0,0,2,1,0,0,2,0,0,4,0,0,0,1,2,0,0,1,0,0,0,0,0,0,0,0,0,0,0,0,0,0,0,17,0,0,0,42,0.465631929,0,0,0,6,2,2,0,0,1,5,0,2,0,0,1,3,1,0,0,0,3,0,0,0,0,0,2,1,0,0,0,0,7,3,0,2,3,3,2,0,0,0,4,2,0,0,7,2,0,0,0,64,0.709534368,"Cleveland","Democratic",6,23,6,3,1,1,0,12,6,2,19,79,0.875831486
"24",1889,0,5,4,2,14,12,4,1,0,1,5,0,0,0,0,0,0,0,1,0,6,0,0,0,0,0,0,1,8,0,7,0,1,1,0,0,0,0,2,3,0,0,0,0,0,5,1,0,84,0.646104146,0,0,4,3,0,2,0,0,1,0,1,0,2,0,13,0,0,0,0,0,0,0,1,3,0,0,4,0,0,6,0,0,0,1,4,1,0,0,0,0,0,0,0,0,0,0,0,0,0,3,3,0,0,24,0,0,0,76,0.584570418,0,0,0,13,0,0,0,0,0,4,0,1,0,1,4,0,0,1,0,0,1,0,0,0,1,0,5,1,0,0,0,0,5,0,0,0,1,3,0,0,0,0,1,1,0,0,6,1,5,0,0,55,0.423044381,"Harrison","Republican",8,22,3,3,0,4,0,36,5,3,33,117,0.899930775
"25",1890,0,0,0,0,13,10,1,1,0,1,7,0,0,0,0,0,0,0,0,0,13,0,0,0,0,0,0,0,3,1,7,0,3,4,0,0,0,1,3,0,0,0,0,0,0,1,0,0,69,0.598854366,0,0,2,0,0,3,0,0,0,0,3,1,0,0,10,0,0,0,0,0,0,0,0,1,0,0,2,0,0,1,0,0,0,1,2,1,0,0,0,0,0,0,0,3,3,0,0,0,0,0,0,0,0,16,0,0,0,49,0.42527339,0,0,1,9,0,0,0,0,2,5,0,0,0,3,1,7,0,1,0,1,1,0,0,0,0,0,12,6,0,0,0,0,4,1,0,0,0,9,5,0,0,0,0,2,1,1,2,0,29,0,0,103,0.893942024,"Harrison","Republican",13,14,13,0,0,4,1,32,13,0,36,126,1.093560146
"26",1891,4,3,1,7,17,13,2,1,0,0,0,0,0,0,0,3,3,0,0,0,19,4,0,0,0,0,0,2,22,10,8,0,1,5,0,0,0,1,0,0,0,0,0,1,1,3,1,0,132,0.810213602,0,0,4,0,0,1,0,0,1,0,1,0,0,0,12,0,0,0,0,0,0,0,0,3,0,0,1,0,0,8,0,0,0,3,3,3,0,3,0,0,0,0,0,4,3,0,1,0,0,0,0,0,0,22,0,1,0,74,0.454210656,0,0,1,8,0,0,0,0,5,6,0,1,0,1,2,5,2,3,0,0,2,0,0,0,0,0,14,3,0,0,0,0,9,4,0,0,0,15,8,0,0,0,0,4,6,0,6,1,12,0,0,118,0.724281856,"Harrison","Republican",22,14,15,5,0,3,1,39,13,2,59,173,1.061870857
"27",1892,0,2,0,12,15,14,3,2,0,2,4,0,0,0,0,0,0,0,0,0,19,0,0,0,1,1,0,2,7,0,8,0,2,1,1,1,0,0,0,0,0,0,0,0,0,0,0,0,97,0.709168007,0,0,1,0,0,1,0,0,0,0,0,0,0,0,2,0,0,0,0,0,0,0,0,3,0,0,1,0,0,9,0,0,0,0,1,1,0,1,0,0,0,0,0,7,5,0,0,0,0,0,0,0,0,20,0,0,0,52,0.38017254,0,0,2,2,0,0,0,0,4,3,0,0,0,0,0,7,0,0,0,5,1,0,0,0,0,0,10,5,0,0,0,0,9,5,0,0,0,6,3,0,1,1,1,3,0,0,0,0,25,1,0,94,0.687234976,"Harrison","Republican",15,39,15,1,0,2,1,54,8,2,42,179,1.308670858
"28",1893,2,1,1,1,19,16,1,0,0,2,2,3,2,0,1,0,0,0,0,0,10,0,0,1,1,1,0,1,10,4,2,0,1,2,1,1,0,0,2,2,0,0,0,0,0,0,0,0,90,0.73272002,0,0,13,7,0,5,0,0,0,0,1,0,0,0,12,1,0,1,0,0,0,0,0,2,0,0,11,0,0,10,0,0,0,2,3,3,0,4,0,1,0,0,0,1,1,0,0,0,0,4,4,0,0,22,0,1,0,109,0.887405357,0,0,0,5,0,0,0,0,0,10,0,1,1,6,1,2,0,5,0,1,0,0,0,0,0,0,4,1,0,0,0,0,23,7,0,0,0,3,1,0,1,0,0,0,2,0,9,3,4,0,0,90,0.73272002,"Cleveland","Democratic",14,19,11,2,0,3,1,28,5,4,42,129,1.050232028
"29",1894,2,1,0,1,16,12,2,1,0,1,5,0,0,0,0,1,0,0,1,0,17,2,0,0,0,0,0,0,9,0,14,0,0,2,0,0,0,0,0,3,0,0,0,0,0,1,1,0,92,0.578907626,0,0,15,6,0,1,0,0,0,0,3,1,0,0,19,2,0,0,0,0,0,0,2,1,1,0,9,0,0,18,0,0,0,8,6,5,0,0,0,0,0,0,0,1,1,0,0,0,0,3,3,0,0,42,1,2,0,150,0.94387113,0,0,3,8,1,1,0,0,1,11,0,1,0,1,2,2,1,4,0,5,1,0,0,0,1,1,6,4,0,0,0,0,16,3,0,0,0,3,1,0,4,2,0,2,9,0,6,1,3,0,0,104,0.654417317,"Cleveland","Democratic",20,25,8,0,0,2,2,31,8,2,45,143,0.899823811
"30",1895,0,0,0,1,21,18,0,0,0,5,3,1,0,0,1,1,1,0,0,0,20,2,0,0,1,1,0,1,7,2,6,0,0,4,1,1,0,0,0,0,0,0,0,1,1,1,1,0,102,0.695249131,0,0,0,0,0,2,0,0,1,0,3,0,0,0,15,0,0,0,0,0,0,0,0,0,0,0,6,0,0,1,0,0,0,9,1,1,0,6,0,0,0,0,0,6,6,0,0,0,0,0,0,0,0,22,0,0,0,79,0.538477268,0,0,0,2,0,0,0,0,12,19,0,2,0,0,0,11,2,19,0,0,3,0,0,0,0,0,8,5,0,0,0,0,0,0,0,0,0,0,0,0,15,11,0,1,2,0,6,0,9,0,0,127,0.86565333,"Cleveland","Democratic",18,15,16,0,0,6,0,27,7,4,58,151,1.029241361
"31",1896,0,0,0,0,16,14,4,1,0,18,2,0,0,0,0,0,0,2,0,0,10,0,0,0,5,5,0,3,6,0,6,0,1,0,5,5,0,0,0,1,0,0,0,2,2,1,1,1,111,0.718772259,0,0,7,7,2,4,0,0,1,1,2,0,1,1,18,0,0,0,0,0,0,0,0,3,0,0,9,0,0,9,0,0,0,1,3,3,0,4,0,0,0,0,0,4,4,0,0,2,0,3,3,0,0,20,0,0,0,112,0.725247685,0,0,0,21,1,1,0,0,7,14,0,3,0,10,1,2,1,7,0,5,2,0,0,0,1,1,7,5,0,0,0,0,16,6,0,0,0,3,2,0,2,1,1,4,3,0,6,0,3,0,0,136,0.880657903,"Cleveland","Democratic",15,11,10,4,0,6,1,27,17,5,37,133,0.861231626
"32",1897,0,2,2,1,20,17,3,0,0,46,0,0,0,0,0,0,0,0,0,0,8,0,0,1,0,0,0,1,3,1,4,0,0,0,0,0,0,0,0,0,0,0,0,0,0,0,0,0,109,0.900082576,0,0,2,5,0,8,0,0,0,0,1,0,1,0,17,0,0,0,0,0,0,0,0,5,0,0,8,0,0,8,0,0,0,1,1,1,0,2,0,0,0,0,0,2,2,0,0,0,0,0,0,0,0,46,4,0,0,114,0.941370768,0,0,1,7,0,0,0,0,13,13,0,1,0,0,1,4,1,3,0,0,0,0,0,0,0,0,1,1,0,0,0,0,0,0,0,0,0,3,0,1,0,0,1,0,1,1,1,0,5,0,0,59,0.487200661,"McKinley","Republican",6,16,12,1,0,2,0,18,6,0,49,110,0.908340215
"33",1898,1,3,0,2,12,11,1,11,0,51,4,0,0,0,0,0,0,0,0,0,6,0,0,0,1,1,0,0,8,0,5,0,5,7,1,1,0,0,0,1,0,0,0,0,0,3,1,0,136,0.673000792,0,0,20,9,3,5,0,0,0,10,1,1,3,0,43,0,0,1,0,1,0,0,0,7,3,0,23,0,0,21,0,0,0,6,6,4,0,4,0,0,0,0,0,0,0,0,0,1,0,9,9,0,0,93,1,0,0,284,1.405384006,0,0,1,9,0,0,0,0,11,18,0,0,0,0,1,8,2,0,0,1,2,0,0,0,2,0,6,4,0,0,0,0,5,3,0,0,0,3,0,0,0,0,1,1,0,0,3,1,12,0,0,94,0.465162312,"McKinley","Republican",13,28,16,1,1,1,1,29,16,0,100,206,1.019398258
"34",1899,0,1,0,3,22,17,2,3,0,26,6,0,0,0,0,0,0,0,0,0,23,1,0,0,0,0,0,0,14,0,3,0,2,8,0,0,0,0,3,3,0,0,0,0,0,3,0,0,140,0.925130509,0,0,14,1,2,3,0,0,0,0,0,0,0,0,14,0,0,0,0,0,0,0,0,6,2,0,5,0,0,9,0,0,0,6,3,0,0,1,0,0,0,0,0,0,0,0,0,0,0,4,4,0,0,35,1,1,0,111,0.733496333,0,0,6,4,2,1,0,0,4,6,0,3,0,2,3,8,0,2,0,3,3,0,0,0,3,1,10,5,0,0,0,0,16,5,0,0,0,6,3,0,2,0,1,1,0,0,2,0,22,0,0,124,0.819401308,"McKinley","Republican",8,51,14,0,0,2,1,39,8,1,81,205,1.354655389
"35",1900,0,1,1,0,13,12,2,0,0,14,6,0,0,0,0,0,0,0,0,0,46,9,0,0,0,0,0,0,10,0,7,0,1,4,0,0,0,0,0,1,0,0,0,0,0,3,1,0,131,0.684645134,0,0,9,3,0,5,0,0,0,2,1,0,1,0,27,2,0,0,0,0,0,0,0,7,4,0,31,0,0,7,0,0,0,9,5,3,0,0,0,0,0,0,0,1,1,0,0,2,1,9,9,0,0,51,1,1,0,192,1.003449357,0,0,3,8,0,0,0,0,1,9,0,0,0,3,1,3,0,2,0,6,6,0,0,0,1,0,3,3,0,0,0,0,7,3,0,0,0,1,0,0,0,0,2,2,0,0,8,4,25,0,0,101,0.527856172,"McKinley","Republican",21,43,11,2,0,8,1,37,10,3,64,200,1.045259747
"36",1901,0,0,0,0,13,10,0,2,0,8,1,1,0,0,1,0,0,0,0,0,23,3,0,1,3,1,0,4,17,3,2,0,1,5,3,1,0,0,0,0,0,0,0,0,0,0,0,0,103,0.525644297,0,0,20,6,1,0,0,0,0,2,6,0,11,1,18,0,0,0,0,4,0,0,0,6,2,0,11,0,0,30,0,0,0,0,6,1,0,0,0,0,0,0,0,1,1,1,0,1,0,0,0,0,0,59,1,3,0,192,0.979841796,0,0,0,6,0,0,0,0,1,15,0,9,0,3,1,2,0,3,0,2,7,0,1,0,0,0,12,8,0,0,0,0,0,0,0,2,0,2,0,0,1,1,4,1,5,0,2,1,13,0,0,102,0.520540954,"Roosevelt","Republican",25,49,8,3,4,4,2,77,10,6,31,219,1.117632049
"37",1902,0,1,1,0,1,1,1,0,0,8,0,0,0,0,0,0,0,0,0,0,11,1,0,0,0,0,0,1,11,0,2,0,0,1,0,0,0,0,0,0,0,0,0,0,0,1,1,0,42,0.430504305,0,0,7,1,0,0,0,0,0,0,4,0,1,0,8,0,0,0,0,2,0,0,0,0,0,0,2,0,0,15,0,0,0,0,3,0,0,2,0,0,0,0,0,3,2,1,0,0,0,3,2,0,0,31,3,2,0,92,0.94300943,0,0,0,5,0,0,0,0,0,6,0,9,0,0,1,0,0,3,0,0,5,0,0,0,0,0,5,2,0,0,0,0,0,0,0,4,0,0,0,0,1,1,5,1,3,0,0,0,3,0,0,54,0.553505535,"Roosevelt","Democratic",11,6,17,0,2,0,1,36,9,2,8,92,0.94300943
"38",1903,0,3,0,0,19,18,5,17,3,0,4,0,0,0,0,0,0,0,0,0,20,3,0,0,5,5,0,3,20,1,4,0,0,5,5,5,0,0,5,1,0,0,0,0,0,0,0,0,151,1.015057811,0,0,6,1,1,2,0,0,0,1,1,0,2,0,21,0,0,0,0,0,0,0,1,4,1,0,4,0,0,8,0,0,0,4,0,0,0,0,0,0,0,0,0,1,1,1,0,0,0,5,5,0,0,50,1,1,0,122,0.820112934,0,0,1,8,0,0,0,0,0,12,0,1,0,4,3,3,0,1,0,1,2,0,0,0,0,0,2,1,0,0,0,0,2,0,0,0,0,0,0,0,1,0,2,1,2,0,2,1,8,0,0,58,0.389889755,"Roosevelt","Republican",15,13,7,1,0,4,0,36,5,2,68,151,1.015057811
"39",1904,0,2,2,0,27,22,9,1,0,5,1,0,0,0,0,0,0,0,0,0,13,0,0,0,1,1,0,2,35,1,4,0,0,0,1,1,0,0,20,0,1,0,0,0,0,2,1,0,152,0.873262094,0,1,14,5,0,1,0,0,2,2,2,0,2,0,19,0,0,0,0,1,0,0,0,4,0,0,1,0,0,13,0,0,0,6,0,0,0,0,0,1,0,0,0,2,2,0,0,0,0,3,3,0,0,46,1,1,0,132,0.758359186,0,0,0,11,0,0,0,0,0,3,0,1,0,2,4,1,1,2,0,0,4,0,0,0,0,0,3,2,0,0,0,0,1,0,0,8,1,1,0,0,2,2,3,3,2,0,1,0,10,0,0,68,0.390669884,"Roosevelt","Democratic",24,29,6,22,1,1,2,59,7,7,28,186,1.068597036
"40",1905,0,0,0,1,31,24,13,1,0,2,6,0,0,0,0,0,0,0,0,0,34,1,0,2,17,17,0,15,33,6,2,0,0,2,17,17,0,0,6,1,0,0,0,0,0,3,2,0,253,1.010665921,0,0,20,7,0,5,0,0,1,4,1,0,7,0,37,0,0,0,0,0,0,0,0,4,0,0,8,0,0,21,0,0,0,3,2,0,0,0,0,0,0,0,0,4,4,0,0,0,0,2,2,0,0,62,0,3,0,197,0.786961211,0,0,0,26,1,0,0,0,7,10,0,5,0,6,8,0,2,3,0,6,9,2,0,0,0,0,3,2,0,0,0,0,4,1,0,4,0,4,1,0,3,2,8,4,2,1,5,3,13,0,0,145,0.579235409,"Roosevelt","Democratic",46,51,17,15,0,6,5,79,13,6,43,281,1.122518276
"41",1906,0,1,0,1,28,23,4,5,0,15,1,0,0,0,0,0,0,0,0,0,8,2,0,1,1,1,0,1,29,0,2,0,1,5,1,1,0,0,1,0,0,0,0,0,0,1,0,0,133,0.564156946,0,0,15,5,3,5,0,0,2,1,7,0,5,0,19,2,0,0,0,2,0,0,0,2,0,0,4,0,0,24,0,0,0,6,4,1,0,0,0,0,0,0,0,7,7,0,0,0,0,6,6,0,0,69,1,1,0,204,0.865323436,0,0,0,15,2,2,0,0,8,3,0,3,0,4,4,0,0,2,0,0,8,0,0,0,0,0,3,2,0,0,0,0,0,0,0,4,0,1,0,0,2,0,7,1,3,0,40,3,15,0,0,132,0.559915164,"Roosevelt","Republican",33,55,4,9,2,0,4,65,11,12,41,236,1.001060445
"42",1907,0,1,1,3,18,15,2,1,0,4,5,0,0,0,0,0,0,0,0,0,16,0,0,2,0,0,0,0,36,0,6,0,2,10,0,0,0,1,0,0,0,0,0,0,0,2,1,0,126,0.460156307,0,0,36,17,1,2,0,0,3,1,1,0,2,0,18,3,0,0,0,2,0,0,0,2,1,0,3,0,0,31,0,0,0,1,1,0,0,0,0,0,0,0,0,4,3,0,0,0,0,1,1,0,0,80,0,4,0,218,0.796143452,0,0,1,20,1,0,0,0,7,15,0,3,0,2,4,3,0,0,0,5,9,2,1,0,2,0,5,1,0,0,0,0,0,0,0,0,0,5,1,0,3,0,2,9,12,3,38,7,17,0,0,178,0.650062085,"Roosevelt","Democratic",26,28,24,12,2,0,4,78,11,11,43,239,0.87283617
"43",1908,0,0,0,0,10,10,3,3,0,4,1,0,0,0,0,0,0,0,0,0,7,0,0,0,0,0,0,0,34,1,8,0,0,1,0,0,1,1,0,0,0,0,0,0,0,2,1,0,87,0.448846928,0,0,10,7,0,4,0,0,2,2,4,0,1,0,11,0,0,0,0,0,0,0,0,0,0,0,9,0,0,6,0,0,0,0,3,2,0,1,0,0,0,0,0,0,0,0,0,0,0,1,1,0,0,38,0,0,0,102,0.526234329,0,0,0,25,0,0,0,0,5,7,0,5,0,3,2,1,2,4,0,1,7,0,0,0,1,0,4,1,1,1,0,0,1,1,0,5,0,0,0,0,3,1,8,14,7,1,9,3,2,2,0,127,0.655213331,"Roosevelt","Democratic",25,19,16,7,0,3,4,66,5,2,25,172,0.887375535
"44",1909,0,1,0,4,9,8,0,2,0,2,8,0,0,0,0,0,0,0,0,0,19,1,0,0,0,0,0,2,8,1,5,0,1,2,0,0,0,0,0,0,0,0,0,0,0,2,0,0,75,0.53999568,0,0,7,2,0,0,0,0,0,2,1,0,0,0,12,0,0,0,0,0,0,0,0,2,0,0,10,0,0,14,0,0,0,3,0,0,0,0,0,0,0,0,0,2,2,0,0,0,0,0,0,0,0,20,0,1,0,78,0.561595507,0,0,0,12,0,0,0,0,3,1,0,2,0,8,1,6,1,3,0,1,2,0,0,0,4,0,2,1,0,0,0,0,5,5,0,0,0,7,6,0,2,1,0,13,1,0,1,0,11,0,0,99,0.712794298,"Taft","Republican",11,52,16,0,0,2,0,49,17,4,55,206,1.483188134
"45",1910,0,0,0,7,7,5,0,0,0,1,0,0,0,0,0,0,0,0,0,0,18,0,0,1,0,0,0,0,1,0,8,0,3,2,0,0,0,0,0,0,0,0,0,0,0,1,0,0,54,0.798462221,0,0,0,2,0,0,0,0,0,0,0,0,0,0,7,0,0,0,0,0,0,0,2,5,0,0,1,0,0,5,0,0,0,1,0,0,0,1,0,0,0,0,0,1,1,0,0,0,0,0,0,0,0,20,0,0,0,46,0.680171522,0,0,0,0,0,0,0,0,2,1,0,3,0,3,0,2,3,1,0,0,0,0,0,0,11,0,2,1,0,0,0,0,0,0,0,0,0,1,0,0,0,0,0,0,0,0,0,0,13,0,0,43,0.635812509,"Taft","Republican",8,38,7,0,0,0,0,16,3,3,45,120,1.774360491
"46",1911,0,15,0,0,10,9,0,6,0,1,3,0,0,0,0,0,0,0,0,0,51,0,0,5,0,0,0,3,16,2,8,0,19,20,0,0,0,0,2,0,0,0,0,1,1,2,0,0,174,0.734053324,0,0,18,8,2,4,0,0,0,0,4,1,6,0,19,0,0,0,0,0,0,0,1,5,1,0,9,0,0,23,0,0,0,7,1,1,0,1,0,0,0,0,0,1,1,1,0,1,0,19,18,0,0,39,0,0,0,191,0.805771178,0,0,0,13,3,1,0,0,8,4,0,9,0,15,2,3,1,11,0,12,5,0,0,0,12,3,8,2,0,0,0,0,3,1,0,0,0,22,17,0,2,2,1,2,17,0,2,0,39,0,0,220,0.928113399,"Taft","Republican",20,82,14,0,0,2,0,69,19,6,63,275,1.160141748
"47",1912,0,2,1,3,27,19,5,2,0,5,8,0,0,0,0,0,0,0,0,0,75,3,0,0,0,0,0,0,9,0,8,0,4,6,0,0,0,1,0,0,1,0,0,0,0,4,1,0,184,0.731610338,0,0,31,8,1,4,0,0,0,0,2,1,0,0,39,1,0,0,0,1,0,0,0,8,5,0,8,0,0,23,0,0,0,2,5,2,0,1,0,0,0,0,0,5,5,0,0,0,0,4,4,0,0,59,1,4,0,224,0.890656064,0,0,1,10,1,1,0,0,6,13,0,8,0,4,1,3,4,16,0,0,6,0,0,0,12,2,7,4,0,0,0,0,2,0,0,1,0,3,2,0,1,1,0,5,6,0,6,1,31,0,0,158,0.628230616,"Taft","Republican",23,100,17,2,1,1,3,79,16,9,98,349,1.387673956
"48",1913,0,0,0,0,4,4,0,0,0,0,0,0,0,0,0,0,0,0,0,0,0,0,0,0,0,0,0,0,2,0,1,0,0,6,0,0,0,0,0,0,0,0,0,0,0,0,0,0,17,0.478603604,0,0,0,0,0,1,0,0,0,0,0,0,0,0,0,0,0,0,0,0,0,0,0,0,0,0,1,0,0,0,0,0,0,0,0,0,0,0,0,0,0,0,0,1,1,1,0,0,0,0,0,0,0,7,0,0,0,12,0.337837838,0,0,0,0,0,0,0,0,0,1,0,2,0,0,1,0,0,0,0,0,0,0,0,0,0,0,5,1,0,0,0,0,0,0,0,0,0,0,0,0,0,0,0,0,0,0,0,0,0,0,0,10,0.281531532,"Wilson","Democratic",1,0,0,0,0,0,0,6,7,1,6,21,0.591216216
"49",1914,0,0,0,0,2,0,0,0,0,0,0,0,0,0,0,0,0,0,0,0,0,0,0,0,0,0,0,0,1,0,0,0,0,0,0,0,0,0,0,0,0,0,0,0,0,0,0,0,3,0.066181337,0,0,3,0,0,0,0,0,0,0,5,0,0,0,1,0,0,0,0,0,0,0,0,2,0,0,3,0,0,2,0,0,0,0,1,1,0,0,0,0,0,0,0,2,2,0,0,0,0,0,0,0,0,12,0,0,0,34,0.750055151,0,0,0,0,0,0,0,0,0,1,0,3,0,4,0,0,0,0,0,1,1,0,0,0,0,0,3,3,0,0,0,0,0,0,0,0,0,0,0,0,0,0,2,3,0,0,0,0,9,0,0,30,0.661813369,"Wilson","Democratic",3,2,3,0,0,2,0,31,6,3,7,57,1.2574454
"50",1915,0,4,4,0,8,7,1,1,0,0,0,0,0,0,0,0,0,0,0,0,5,0,0,0,0,0,0,0,1,0,0,0,0,4,0,0,0,0,1,0,0,0,0,0,0,2,1,0,39,0.507416081,0,0,8,14,0,2,0,0,1,0,1,0,3,0,7,0,0,0,0,0,0,0,0,18,15,0,3,0,0,10,0,0,0,0,0,0,0,0,0,0,0,0,0,2,1,0,1,0,0,0,0,0,0,17,0,0,0,103,1.340098881,0,0,0,5,0,0,0,0,2,2,0,10,0,0,1,0,2,3,0,4,0,0,0,0,0,0,0,0,0,0,0,0,0,0,0,0,0,0,0,0,0,0,2,0,2,1,15,5,5,0,0,59,0.767629456,"Wilson","Democratic",7,12,2,0,0,0,1,25,8,9,6,70,0.910746812
"51",1916,0,0,0,0,0,0,0,0,0,0,0,0,0,0,0,0,0,0,0,0,1,0,0,0,0,0,0,0,3,0,2,0,0,0,0,0,0,0,0,0,0,0,0,0,0,0,0,0,6,0.283419934,0,0,0,0,0,0,0,0,0,0,0,0,0,0,1,0,0,0,0,0,0,0,0,0,0,0,5,0,0,0,0,0,0,0,0,0,0,0,0,0,0,0,0,0,0,0,0,0,0,0,0,0,0,1,0,0,0,7,0.33065659,0,0,0,0,0,0,0,0,0,0,0,1,0,0,2,0,0,0,0,0,0,0,0,0,0,0,0,0,0,0,0,0,0,0,0,0,0,0,0,0,0,0,1,0,1,0,0,0,1,0,0,6,0.283419934,"Wilson","Democratic",1,0,0,0,0,0,0,6,2,0,1,10,0.472366556
"52",1917,0,0,0,0,0,0,0,0,0,0,0,0,0,0,0,0,0,0,0,0,2,0,0,0,0,0,0,0,0,0,1,0,0,0,0,0,0,0,0,0,0,0,0,0,0,0,0,0,3,0.076667519,0,0,0,1,0,0,0,0,6,0,4,0,4,0,7,0,0,0,0,0,0,0,0,0,0,0,3,0,0,0,0,0,0,6,0,0,0,1,0,0,0,0,0,1,1,0,0,0,0,0,0,0,0,36,1,0,0,71,1.814464605,0,0,0,1,0,0,0,0,0,2,0,2,0,0,0,0,0,1,0,0,0,0,0,0,0,0,0,0,0,0,0,0,0,0,0,0,0,6,3,0,0,0,0,0,0,0,0,0,2,0,0,17,0.434449272,"Wilson","Democratic",7,3,0,0,0,0,0,9,1,1,3,24,0.613340148
"53",1918,0,0,0,0,0,0,0,2,0,0,0,0,0,0,0,0,0,0,0,0,0,0,0,0,0,0,0,0,9,1,0,0,0,0,0,0,0,0,0,0,0,0,0,0,0,0,0,0,12,0.21957914,0,0,0,5,0,1,0,0,2,3,1,0,1,0,7,3,0,0,0,0,0,0,0,0,0,0,2,0,0,2,0,0,0,0,2,2,0,1,0,1,0,0,0,0,0,0,0,1,1,2,1,0,0,28,0,0,0,66,1.20768527,0,0,0,0,0,0,0,0,1,1,0,2,0,1,2,0,0,3,0,0,0,0,0,0,0,0,4,2,0,0,0,0,0,0,0,0,0,1,1,0,1,1,0,1,0,0,6,3,4,0,0,34,0.622140897,"Wilson","Democratic",3,2,3,0,0,1,0,22,12,0,1,44,0.805123513
"54",1919,0,0,0,0,0,0,0,0,0,0,0,0,0,0,0,0,0,0,0,0,6,0,0,0,0,0,0,0,18,0,1,0,0,0,0,0,1,1,0,0,0,0,0,0,0,0,0,0,27,0.567823344,0,0,0,1,0,0,0,0,1,0,1,0,0,0,4,0,0,0,0,0,0,0,0,0,0,0,0,0,0,0,0,0,0,1,4,4,0,0,0,1,0,0,0,2,1,0,1,0,0,0,0,0,0,17,0,0,0,38,0.79915878,0,0,0,8,0,0,0,0,1,4,0,8,0,1,3,0,0,0,0,7,1,0,0,0,2,1,5,0,0,0,0,0,0,0,0,0,1,5,2,1,0,0,0,0,0,0,7,5,4,0,2,68,1.430073607,"Wilson","Democratic",5,8,5,2,0,0,0,16,5,1,3,45,0.94637224
"55",1920,0,1,1,0,0,0,0,0,0,0,0,0,0,0,0,0,0,0,0,0,0,0,0,0,0,0,0,0,1,0,1,0,0,0,0,0,0,0,0,0,0,0,0,0,0,0,0,0,4,0.147874307,0,0,0,0,0,0,0,0,0,0,0,0,1,0,7,0,0,0,0,0,0,0,0,0,0,0,1,0,0,0,0,0,0,0,0,0,0,0,0,0,0,0,0,0,0,0,0,0,0,0,0,0,0,16,0,0,0,25,0.924214418,0,0,0,1,0,0,0,0,10,1,0,1,0,2,1,0,2,1,0,4,0,0,0,0,4,0,4,0,0,0,0,0,0,0,0,0,0,2,0,0,1,0,0,1,0,0,9,4,0,0,0,48,1.774491682,"Wilson","Democratic",3,1,0,0,0,16,1,7,2,0,8,38,1.404805915
"56",1921,0,0,0,0,4,1,0,0,0,0,0,0,0,0,0,0,0,0,0,0,1,0,0,0,0,0,0,0,15,1,3,0,0,0,0,0,0,0,0,0,0,0,0,0,0,0,0,0,25,0.446109921,0,0,0,0,0,4,0,0,0,0,0,0,0,0,1,0,0,0,0,0,0,0,0,6,0,0,0,0,0,0,0,0,0,6,1,1,0,0,0,0,0,0,0,0,0,0,0,0,0,0,0,0,0,23,2,0,0,44,0.785153462,0,0,0,2,1,0,0,0,9,0,0,6,0,0,7,3,3,2,0,0,1,0,0,0,3,2,3,1,0,0,0,0,0,0,0,1,1,1,1,0,0,0,1,1,4,0,7,0,10,1,1,72,1.284796574,"Harding","Republican",3,19,8,1,0,1,0,13,5,1,1,52,0.927908637
"57",1922,0,0,0,0,5,4,2,0,0,0,1,0,0,0,0,0,0,0,0,0,1,0,0,0,2,1,0,2,13,0,3,0,0,0,2,1,0,0,0,0,0,0,0,0,0,1,0,0,38,0.661559889,0,0,0,0,0,2,0,0,0,0,0,0,0,0,9,0,0,0,0,1,0,0,0,0,0,0,0,0,0,0,0,0,0,0,0,0,0,1,0,0,0,0,0,5,4,0,0,0,0,0,0,0,0,26,0,0,0,48,0.835654596,0,0,0,1,3,1,0,0,2,14,0,4,0,2,3,1,1,2,0,0,1,1,0,0,2,1,3,1,0,0,0,0,0,0,0,0,0,3,1,0,1,1,0,1,2,0,4,0,1,0,1,58,1.009749304,"Harding","Republican",7,23,4,2,1,2,0,8,1,0,5,53,0.92270195
"58",1923,0,0,0,1,13,11,3,1,0,0,0,0,0,0,0,0,0,0,0,0,12,0,0,0,0,0,0,3,6,0,3,0,0,1,0,0,0,0,1,0,0,0,0,0,0,1,0,0,56,0.835696165,0,0,5,0,0,0,0,0,0,0,0,0,0,0,7,0,0,0,0,0,0,0,0,2,1,0,0,0,0,5,0,0,0,6,0,0,0,0,0,0,0,0,0,1,1,0,0,1,0,0,0,0,0,19,0,1,0,49,0.731234144,0,0,0,6,0,0,0,0,6,0,0,6,0,2,2,2,3,3,0,0,0,0,0,0,1,1,4,0,0,0,0,0,0,0,0,1,0,8,2,0,0,0,0,0,1,0,13,8,3,0,0,72,1.074466498,"Coolidge","Republican",5,13,5,1,0,3,0,29,3,3,4,66,0.984927623
"59",1924,0,0,0,1,3,3,1,1,0,0,0,0,0,0,0,0,0,0,0,0,9,0,0,0,0,0,0,1,5,0,3,0,0,0,0,0,0,0,0,0,0,0,0,0,0,2,0,0,29,0.416427341,0,0,5,0,0,0,0,0,1,0,0,0,0,0,8,0,0,0,0,0,0,0,0,3,0,0,3,0,0,8,0,0,0,0,0,0,0,0,0,1,0,0,0,2,2,0,0,0,0,0,0,0,0,22,0,1,0,56,0.804135554,0,0,0,4,0,0,0,0,9,0,0,14,0,9,3,0,1,2,0,0,1,0,1,0,0,0,5,2,0,0,0,0,0,0,0,0,0,7,3,0,1,1,1,3,0,0,21,7,3,0,0,98,1.40723722,"Coolidge","Republican",2,10,4,0,0,0,0,29,6,1,3,55,0.789775991
"60",1925,0,1,1,1,5,5,1,0,0,0,4,0,0,0,0,0,0,0,0,0,8,0,0,2,0,0,0,4,5,0,1,0,0,0,0,0,0,0,0,0,0,0,0,0,0,0,0,0,38,0.350456516,0,0,7,2,0,1,0,0,0,0,0,0,0,0,18,0,0,0,0,0,0,0,0,4,2,0,7,0,0,10,0,0,0,1,0,0,0,0,0,0,0,0,0,1,1,0,0,0,0,0,0,0,0,36,0,2,0,92,0.84847367,0,0,1,6,0,0,0,0,21,1,0,15,0,10,2,2,0,3,0,0,2,0,0,0,3,1,6,1,0,0,0,0,3,2,0,1,1,10,6,0,7,5,2,2,0,0,26,5,5,0,0,149,1.374158443,"Coolidge","Republican",2,3,11,0,0,2,2,32,1,1,6,60,0.553352393
"61",1926,0,1,1,0,6,6,0,0,0,0,3,0,0,0,0,0,0,0,0,0,9,1,0,0,0,0,0,2,4,0,2,0,0,0,0,0,0,0,0,0,0,0,0,0,0,0,0,0,35,0.339542103,0,0,8,0,0,4,0,0,1,1,2,1,0,0,11,0,0,0,0,1,0,0,0,5,1,0,4,0,0,5,0,0,0,0,0,0,0,0,0,0,0,0,0,1,1,0,0,0,0,2,2,0,0,37,2,3,0,92,0.892510671,0,0,0,2,1,1,0,0,9,2,0,11,1,7,4,0,2,2,0,3,1,0,0,0,4,2,8,1,0,0,0,0,3,1,0,0,0,8,3,0,6,4,0,2,4,0,30,9,2,0,1,134,1.299961195,"Coolidge","Republican",3,13,5,0,1,2,1,30,3,4,6,68,0.659681801
"62",1927,0,0,0,3,9,9,2,2,0,4,1,0,0,0,0,0,0,0,0,0,4,0,0,1,1,1,0,1,6,0,3,0,0,3,1,1,0,0,0,0,0,0,0,0,0,1,0,0,53,0.603850974,0,0,4,0,0,0,0,0,0,0,1,0,0,0,12,0,0,0,0,0,0,0,0,4,1,0,4,0,0,4,0,0,0,0,0,0,0,0,0,0,0,0,0,2,1,0,0,0,0,0,0,0,0,18,0,1,1,53,0.603850974,0,0,0,0,0,0,0,0,7,2,0,6,1,5,3,0,10,4,0,1,1,0,0,0,5,1,14,2,0,0,0,0,1,1,0,2,0,7,2,0,1,1,1,2,6,1,18,3,2,0,0,110,1.253275607,"Coolidge","Republican",5,10,4,2,0,1,0,22,1,0,9,54,0.615244389
"63",1928,0,1,1,1,7,6,0,2,0,8,0,0,0,0,0,0,0,0,0,0,12,1,0,0,0,0,0,3,2,0,0,0,0,3,0,0,0,0,1,0,0,0,0,0,0,0,0,0,48,0.595533499,0,0,6,2,0,0,0,0,0,0,0,0,0,0,7,0,0,0,0,0,0,0,0,3,0,0,1,0,0,3,0,0,0,0,0,0,0,0,0,0,0,0,0,2,2,0,0,0,0,0,0,0,0,20,1,1,0,48,0.595533499,0,0,1,2,0,0,0,0,7,7,0,10,0,8,2,1,1,2,0,1,1,0,0,0,4,3,5,0,0,0,0,0,3,0,0,0,1,5,1,0,4,4,0,3,2,0,14,3,6,0,0,101,1.253101737,"Coolidge","Republican",4,17,5,1,0,2,1,13,3,0,10,56,0.694789082
"64",1929,0,1,0,2,9,6,2,0,0,1,0,0,0,0,0,0,0,0,0,0,14,0,0,0,2,1,0,2,4,0,4,0,2,4,2,1,0,0,0,0,0,0,0,0,0,2,1,0,60,0.545801874,0,0,7,0,0,5,0,0,0,2,3,1,0,0,30,0,0,0,0,2,0,0,0,9,3,0,0,0,0,4,0,0,0,1,2,2,0,0,0,0,0,0,0,3,2,0,0,1,0,0,0,0,0,29,0,0,0,106,0.964249977,0,0,1,1,0,0,3,1,7,1,0,11,0,3,10,0,2,3,0,1,5,1,0,0,2,2,14,3,0,0,0,0,2,1,0,1,1,5,5,0,1,1,1,0,5,1,13,2,3,0,3,116,1.055216956,"Hoover","Republican",3,15,9,6,2,2,0,18,8,4,15,82,0.745929228
"65",1930,0,3,1,0,3,3,0,3,0,0,0,2,2,0,0,0,0,0,0,0,5,0,0,0,1,1,0,3,3,0,0,0,0,1,1,1,0,0,0,0,0,0,0,0,0,0,0,0,33,0.72591289,0,0,1,0,0,0,0,0,0,0,2,0,0,0,5,0,0,0,0,0,0,0,0,0,0,0,1,0,0,4,0,0,0,1,0,0,0,0,0,0,0,0,0,0,0,0,0,0,0,0,0,0,0,8,0,1,0,23,0.505939287,0,0,1,1,2,1,0,0,2,3,0,15,0,1,20,0,1,5,0,2,0,1,1,0,4,2,1,1,0,0,0,0,0,0,0,0,0,11,6,0,1,1,1,1,1,0,11,2,1,4,6,110,2.419709635,"Hoover","Republican",1,0,3,1,0,1,1,4,0,3,3,17,0.373955125
"66",1931,0,0,0,1,4,4,0,1,0,0,0,2,2,0,0,0,0,0,0,0,8,0,0,0,0,0,0,4,0,0,0,0,0,0,0,0,0,0,0,0,0,0,0,0,0,0,0,0,26,0.457263454,0,1,2,0,0,3,0,0,0,0,0,0,0,0,4,0,0,0,0,3,0,0,0,3,1,0,2,0,0,2,0,0,0,0,0,0,0,0,0,0,0,0,0,2,2,0,0,0,0,0,0,0,0,10,0,0,0,35,0.615546957,0,0,1,0,0,0,0,0,10,1,0,16,0,1,22,0,7,15,0,1,2,2,0,0,10,5,6,4,0,0,0,0,0,0,0,0,0,5,4,0,5,4,2,4,0,0,11,5,0,0,13,156,2.743580725,"Hoover","Republican",6,2,4,2,3,2,1,13,1,3,2,39,0.685895181
"67",1932,0,0,0,1,1,1,0,0,0,0,0,0,0,0,0,0,0,0,0,0,2,0,0,0,0,0,0,0,0,0,0,0,0,0,0,0,0,0,0,0,0,0,0,0,0,0,0,0,5,0.118764846,0,0,0,0,0,1,0,0,0,0,1,1,1,0,6,0,0,0,0,4,0,0,0,0,0,0,0,0,0,0,0,0,0,0,0,0,0,1,0,0,0,0,0,0,0,0,0,0,0,0,0,0,0,12,0,0,0,27,0.641330166,0,0,0,0,0,0,0,0,3,2,0,23,0,3,8,3,5,6,0,1,0,1,0,0,11,6,0,0,0,0,0,0,2,0,0,0,0,5,4,0,0,0,0,2,1,0,6,3,2,0,3,100,2.375296912,"Hoover","Republican",2,1,6,1,4,1,0,21,1,1,1,39,0.926365796
"68",1934,0,0,0,0,3,3,0,0,0,0,0,0,0,0,0,0,0,0,0,0,1,0,0,1,0,0,0,0,5,0,0,0,0,0,0,0,0,0,0,0,0,0,0,0,0,0,0,0,13,0.584795322,0,0,0,0,0,0,0,0,0,0,1,0,0,0,0,0,0,0,0,2,0,0,0,0,0,0,0,0,0,0,0,0,0,0,0,0,0,0,0,0,0,0,0,1,1,0,0,0,0,0,0,0,0,5,0,1,0,11,0.494826811,0,0,0,0,2,2,0,0,5,1,0,2,0,1,4,3,1,2,0,0,1,0,0,0,0,0,2,1,0,0,0,0,0,0,0,2,0,2,2,0,0,0,1,1,1,0,1,0,5,1,2,45,2.024291498,"Roosevelt","Republican",2,7,3,2,2,0,0,9,1,1,2,29,1.30454341
"69",1935,0,1,1,0,1,1,0,1,1,0,0,0,0,0,0,0,0,0,0,0,0,0,0,0,0,0,0,0,2,0,0,0,0,0,0,0,0,0,0,0,0,0,0,0,0,0,0,0,8,0.227596017,0,0,0,0,0,1,0,0,0,0,0,0,0,0,1,0,0,0,0,0,0,0,0,0,0,0,0,0,0,0,0,0,0,0,0,0,0,0,0,0,0,0,0,1,0,0,0,0,0,0,0,0,0,7,0,0,0,10,0.284495021,0,0,1,0,0,0,0,0,0,0,0,5,0,0,13,0,0,0,0,0,0,0,0,0,1,0,1,0,0,0,0,0,0,0,0,0,0,0,0,0,1,1,1,1,0,0,1,0,1,6,3,36,1.024182077,"Roosevelt","Republican",2,9,4,3,0,1,0,16,2,0,4,41,1.166429587
"70",1936,0,2,2,1,2,2,0,0,0,0,0,0,0,0,0,0,0,0,0,0,0,0,0,0,0,0,0,0,4,0,0,0,0,0,0,0,0,2,0,0,0,0,0,0,0,0,0,0,15,0.393700787,0,0,0,2,0,0,0,0,0,0,10,0,0,0,1,1,0,0,0,2,0,0,0,0,0,0,0,0,0,0,0,0,0,0,0,0,0,0,0,0,0,0,0,2,1,0,1,1,0,0,0,0,0,22,1,2,0,46,1.207349081,0,0,0,0,1,1,0,0,1,0,0,4,0,0,1,1,1,1,0,2,0,0,0,0,0,0,0,0,0,0,0,0,0,0,0,1,0,1,1,0,0,0,1,0,2,0,5,4,2,3,0,33,0.866141732,"Roosevelt","Democratic",8,4,5,3,2,4,0,14,5,0,13,58,1.522309711
"71",1937,0,0,0,0,2,2,0,0,0,0,0,0,0,0,0,0,0,0,0,0,0,0,0,0,0,0,0,0,3,0,0,0,0,0,0,0,0,0,0,0,0,0,0,0,0,0,0,0,7,0.256410256,0,0,0,0,0,0,0,0,0,0,0,0,0,0,0,0,0,0,0,1,0,0,0,0,0,0,0,0,0,0,0,0,0,0,0,0,0,0,0,0,0,0,0,1,0,0,0,0,0,0,0,0,0,11,0,0,0,13,0.476190476,0,0,0,0,0,0,0,0,0,2,0,3,0,0,5,0,0,1,0,0,0,1,0,0,0,0,0,0,0,0,0,0,0,0,0,0,0,1,0,0,0,0,1,0,0,0,0,0,4,1,4,23,0.842490842,"Roosevelt","Democratic",0,5,2,3,1,2,1,4,2,0,5,25,0.915750916
"72",1938,0,0,0,0,6,6,4,0,0,0,0,0,0,0,0,0,0,0,0,0,1,0,0,0,0,0,0,0,10,0,1,0,0,0,0,0,0,2,0,0,0,0,0,0,0,0,0,0,30,0.641436818,0,0,0,0,0,1,0,0,2,0,1,0,0,0,4,0,0,0,0,0,0,0,0,0,0,0,1,0,0,0,0,0,0,0,0,0,0,0,0,1,0,0,0,2,2,0,0,0,0,0,0,0,0,7,0,0,0,21,0.449005773,0,0,0,2,0,0,0,0,1,4,0,11,1,0,2,0,3,2,0,1,0,0,0,0,0,0,1,1,0,0,0,0,1,0,0,2,1,9,6,2,0,0,0,0,0,0,11,4,1,1,0,67,1.432542228,"Roosevelt","Democratic",2,3,4,1,0,2,1,12,3,0,10,38,0.812486637
"73",1939,0,0,0,0,1,1,1,1,0,0,0,0,0,0,0,0,0,0,0,0,1,0,0,0,0,0,0,0,11,0,0,0,0,0,0,0,0,0,0,0,0,0,0,0,0,0,0,0,16,0.428265525,0,1,0,0,0,1,0,0,1,1,3,1,1,0,7,1,0,0,0,0,0,0,0,0,0,0,5,0,0,0,0,0,0,0,0,0,0,1,0,0,0,0,0,2,1,0,1,0,0,0,0,0,0,11,0,2,0,40,1.070663812,0,0,1,1,1,1,0,0,3,0,0,5,0,2,6,0,1,1,0,1,0,0,1,0,0,0,2,2,0,0,0,0,1,1,0,0,0,4,0,1,0,0,1,1,0,0,8,4,0,1,3,53,1.41862955,"Roosevelt","Republican",9,12,3,2,0,10,0,4,3,4,8,55,1.472162741
"74",1940,0,0,0,0,3,3,1,0,0,0,0,0,0,0,0,0,0,0,0,0,3,0,0,0,0,0,0,0,1,0,0,0,0,0,0,0,0,0,0,0,0,0,0,0,0,0,0,0,11,0.347003155,0,0,3,0,1,1,0,0,0,0,3,0,2,0,10,0,0,0,0,1,0,0,0,0,0,0,5,0,0,2,0,0,0,0,0,0,0,1,0,0,0,0,0,1,1,0,0,0,0,0,0,0,0,21,0,6,0,58,1.829652997,0,0,0,2,0,0,1,0,0,2,0,7,0,0,4,0,0,1,0,0,0,0,2,2,0,0,1,1,0,0,0,0,0,0,0,0,0,0,0,0,0,0,3,0,0,0,1,1,13,2,3,46,1.451104101,"Roosevelt","Democratic",5,14,0,5,1,3,0,10,8,1,13,60,1.892744479
"75",1941,0,1,1,0,2,2,0,2,0,0,0,0,0,0,0,0,0,0,0,0,4,0,0,0,0,0,0,0,2,0,2,0,0,1,0,0,0,0,0,0,0,0,0,0,0,0,0,0,17,0.51703163,0,0,1,0,0,0,0,0,0,1,2,0,2,0,1,1,0,0,0,1,0,0,0,0,0,0,1,0,0,3,0,0,0,0,0,0,0,2,0,0,0,0,0,8,4,0,1,0,0,2,2,0,0,25,1,4,1,63,1.916058394,0,0,1,0,0,0,1,0,0,2,0,4,0,1,2,0,0,0,0,1,0,0,2,1,2,0,0,0,0,0,0,0,1,1,1,0,0,0,0,0,0,0,1,0,0,0,3,1,1,0,1,27,0.821167883,"Roosevelt","Republican",5,16,2,2,1,2,0,15,0,1,5,49,1.49026764
"76",1942,0,0,0,0,1,1,0,1,0,0,0,0,0,0,0,0,0,0,0,0,0,0,0,1,0,0,0,0,2,0,0,0,0,0,0,0,0,0,0,0,1,0,0,0,0,0,0,0,7,0.201729107,0,1,0,1,3,3,0,0,6,8,1,0,18,0,14,2,0,0,0,0,0,0,1,1,1,0,5,0,0,0,0,0,0,4,0,0,0,1,0,1,0,0,0,0,0,0,0,0,0,0,0,0,0,35,1,1,0,108,3.112391931,0,0,0,0,0,0,0,0,0,0,0,2,0,0,0,0,0,0,0,0,0,0,0,0,0,0,0,0,0,0,0,0,0,0,0,0,0,3,0,0,0,0,0,0,0,0,2,2,0,0,0,9,0.259365994,"Roosevelt","Republican",14,13,0,0,0,2,2,9,3,2,18,63,1.81556196
"77",1943,0,0,0,0,1,0,0,1,0,0,0,0,0,0,0,0,0,0,0,0,0,0,0,0,0,0,0,0,3,0,0,0,0,0,0,0,0,0,0,0,0,0,0,0,0,0,0,0,5,0.110302228,0,0,2,9,2,1,0,0,3,6,3,1,16,0,11,2,0,0,0,1,0,0,0,3,3,0,7,0,0,1,0,0,0,6,3,3,0,0,0,0,0,0,0,2,1,0,0,0,0,0,0,0,0,57,1,2,1,147,3.242885506,0,0,0,0,0,0,0,0,0,1,0,7,0,1,6,0,0,0,0,1,1,0,2,0,0,0,1,0,0,0,0,0,0,0,0,1,0,0,0,0,0,0,2,0,0,0,0,0,0,0,0,23,0.507390249,"Roosevelt","Republican",8,18,1,0,1,3,1,27,3,5,15,82,1.808956541
"78",1944,0,0,0,1,6,4,1,0,0,0,0,0,0,0,0,0,0,0,0,0,1,0,0,0,0,0,0,0,2,0,0,0,0,0,0,0,0,1,0,0,0,0,0,0,0,2,0,0,18,0.479360852,0,0,1,4,0,1,0,0,5,0,3,1,5,0,7,0,0,0,0,1,0,0,0,2,2,0,3,0,0,2,0,0,0,1,7,5,0,0,0,0,0,0,0,2,1,0,1,0,0,1,1,0,0,57,0,1,2,116,3.089214381,0,0,0,0,1,0,1,0,0,6,0,5,0,2,2,0,0,1,0,0,0,2,3,1,0,0,0,0,0,0,0,0,1,0,0,0,0,6,5,0,1,1,1,0,0,0,4,0,2,0,1,46,1.225033289,"Roosevelt","Democratic",3,12,1,3,1,0,3,10,2,3,4,42,1.118508655
"79",1945,0,0,0,0,3,2,1,4,0,0,0,0,0,0,0,0,0,0,0,0,1,0,0,0,0,0,0,0,6,0,0,0,0,0,0,0,0,0,0,0,0,0,0,0,0,1,0,0,18,0.221565731,0,0,20,11,3,2,0,0,11,10,0,0,20,0,37,7,0,0,0,0,0,0,0,2,2,0,10,0,0,8,0,0,0,5,6,5,1,0,0,2,0,0,0,3,2,0,0,0,0,5,5,0,0,91,2,0,1,271,3.335795175,0,0,0,2,1,1,0,0,1,7,0,4,0,3,8,0,2,0,0,0,1,0,20,14,0,0,1,1,0,0,0,0,0,0,0,0,0,0,0,0,2,2,0,0,0,0,5,1,5,0,1,82,1.009354998,"Roosevelt","Democratic",24,19,5,0,0,3,1,28,10,14,13,117,1.440177253
"80",1946,0,0,0,0,7,5,0,1,1,0,2,0,0,0,0,0,0,0,0,0,24,0,0,0,0,0,0,1,35,0,3,0,0,2,0,0,0,0,0,0,0,0,0,2,2,3,0,0,88,0.317437414,0,0,7,1,1,0,0,0,7,3,2,0,7,0,35,5,0,0,0,0,0,0,2,3,1,0,14,0,0,13,0,0,0,0,1,1,4,0,0,2,0,0,0,6,3,0,0,0,0,2,2,0,0,278,5,1,20,426,1.536685665,0,0,12,4,20,9,2,0,31,25,0,55,0,30,62,2,18,13,0,20,3,25,15,5,27,16,13,5,0,0,0,0,4,4,0,0,0,67,34,0,1,1,4,19,4,3,30,5,19,9,18,634,2.28699228,"Truman","Democratic",18,20,15,5,0,1,5,54,18,7,92,235,0.847702186
"81",1947,0,0,0,0,5,4,0,0,0,0,0,0,0,0,0,0,0,0,0,0,3,0,0,0,0,0,0,0,31,0,1,0,0,0,0,0,0,2,0,0,1,0,0,1,1,0,0,0,49,0.812199569,0,0,7,0,0,1,0,0,0,0,3,0,2,0,19,0,0,0,0,0,0,0,0,1,0,0,7,0,0,5,0,0,0,0,0,0,3,0,0,0,0,0,0,3,0,0,1,0,0,3,3,0,0,31,1,1,3,94,1.558097132,0,0,0,1,0,0,0,0,4,2,0,14,0,11,4,0,1,3,0,3,1,0,2,0,1,1,3,3,0,0,0,0,1,1,0,0,0,14,10,0,2,1,0,0,0,0,1,0,3,0,1,88,1.458644124,"Truman","Democratic",2,6,2,1,0,4,1,18,5,4,11,54,0.895077076
"82",1948,0,0,0,0,10,9,0,0,0,0,0,0,0,0,0,0,0,0,0,0,2,0,0,0,0,0,0,0,7,0,0,0,0,0,0,0,0,0,0,0,0,0,0,1,1,0,0,0,30,0.589275192,0,0,0,0,1,0,0,0,0,0,2,0,2,0,7,0,0,0,0,2,0,0,1,0,0,0,1,0,0,0,0,0,0,0,0,0,0,0,0,0,0,0,0,2,1,1,0,0,0,0,0,0,0,31,0,1,0,52,1.021410332,0,0,0,0,1,1,0,0,0,2,0,24,0,6,7,0,1,4,0,3,3,11,3,3,0,0,3,1,0,0,0,0,0,0,0,0,2,16,10,0,0,0,3,1,1,0,19,3,5,0,2,135,2.651738362,"Truman","Democratic",7,4,2,2,2,8,2,26,3,5,13,74,1.453545472
"83",1949,0,1,1,0,6,4,0,0,0,0,0,0,0,0,0,0,0,0,0,0,6,0,0,0,0,0,0,0,4,0,1,0,0,0,0,0,0,0,0,0,0,0,0,0,0,0,0,0,23,0.677068001,0,0,0,0,0,0,0,0,0,0,0,0,0,0,8,0,0,0,0,0,0,0,0,0,0,0,0,0,0,0,0,0,0,0,0,0,0,2,0,0,0,0,0,1,1,0,0,0,0,0,0,0,0,6,0,0,0,18,0.529879305,0,0,0,0,2,0,0,0,1,3,0,7,0,9,3,1,0,1,0,1,1,3,2,1,1,1,3,1,0,0,0,0,0,0,0,0,1,13,3,2,0,0,1,0,0,0,3,2,1,0,1,68,2.001766264,"Truman","Democratic",6,5,1,1,0,3,2,13,1,4,6,42,1.236385046
"84",1950,0,1,1,0,8,7,0,0,0,0,0,0,0,0,0,0,0,0,0,0,3,0,0,0,0,0,0,0,7,0,0,0,0,0,0,0,0,0,0,0,0,0,0,0,0,0,0,0,27,0.526726492,0,1,0,0,0,0,0,0,1,0,0,0,0,0,3,0,1,0,0,0,0,0,0,0,0,0,3,0,0,0,0,0,0,0,0,0,0,2,0,0,0,0,0,0,0,0,0,0,0,0,0,0,0,14,0,2,0,27,0.526726492,0,0,0,0,2,2,0,0,0,1,2,20,0,9,5,0,0,0,0,0,12,0,0,0,0,0,0,0,0,0,0,0,1,1,0,1,2,4,2,0,0,0,2,0,0,0,2,0,4,0,3,75,1.463129146,"Truman","Democratic",6,2,5,4,0,1,2,28,3,4,11,66,1.287553648
"85",1951,0,1,1,0,4,4,0,0,0,0,0,0,0,0,0,0,0,0,0,0,0,0,0,0,0,0,0,0,2,0,1,0,0,0,0,0,0,0,0,0,0,0,0,0,0,0,0,0,13,0.325977934,0,0,1,0,1,1,0,0,0,0,0,0,12,0,17,0,0,0,0,0,0,0,8,1,0,0,16,0,0,1,0,1,0,5,1,1,19,0,0,0,0,0,0,7,2,0,0,0,0,0,0,0,0,13,1,1,1,110,2.758274824,0,0,0,1,1,0,0,0,0,1,0,12,0,5,1,0,0,0,0,2,1,0,4,2,0,0,0,0,0,0,0,0,0,0,0,0,1,1,1,0,0,0,0,0,1,1,1,1,0,0,1,38,0.952858576,"Truman","Democratic",10,3,0,1,0,0,0,13,7,12,10,56,1.404212638
"86",1952,0,0,0,0,2,2,0,1,0,0,0,0,0,0,0,0,0,0,0,0,3,0,0,0,0,0,0,0,4,0,0,0,0,0,0,0,1,0,0,0,0,0,0,0,0,0,0,0,13,0.243719535,0,0,1,1,0,1,0,0,0,2,2,0,14,1,18,1,0,2,0,2,0,0,11,0,0,0,11,0,0,0,0,0,0,0,4,4,7,2,0,0,0,0,0,6,0,0,0,0,0,0,0,0,0,24,0,0,0,114,2.137232846,0,0,0,0,0,0,0,0,0,0,0,9,0,1,0,0,0,1,0,5,1,4,8,3,0,0,0,0,0,0,0,0,0,0,0,1,1,6,2,0,0,0,0,1,0,0,5,2,0,0,0,50,0.937382827,"Truman","Democratic",5,7,1,0,2,2,0,27,10,8,9,71,1.331083615
"87",1953,0,3,2,0,11,7,0,2,0,0,1,0,0,0,0,0,0,0,0,0,4,0,0,0,0,0,0,0,3,0,0,0,0,0,0,0,0,0,0,0,0,0,0,0,0,0,0,0,33,0.343785811,0,1,1,2,1,1,0,0,0,1,15,0,2,0,25,1,0,3,0,0,1,0,7,0,0,0,19,0,0,0,1,0,0,2,0,0,35,4,0,1,0,0,0,8,1,0,2,0,0,0,0,0,0,83,0,0,2,219,2.281487655,0,0,1,0,0,0,0,0,4,1,0,28,0,6,1,0,2,0,0,1,2,0,1,0,0,0,1,1,0,0,0,0,0,0,0,0,0,1,1,1,0,0,1,0,0,0,0,0,2,0,0,55,0.572976352,"Truman","Democratic",16,10,22,1,0,8,1,35,12,6,26,137,1.427232003
"88",1954,0,0,0,2,17,10,2,0,0,0,0,0,0,0,0,0,0,0,0,0,10,0,0,0,0,0,0,0,4,0,1,0,0,0,0,0,0,0,0,0,1,0,0,0,0,1,1,0,49,0.820220957,0,0,0,2,1,0,0,0,0,0,0,0,1,0,11,0,0,1,0,0,0,0,6,0,0,0,15,0,0,1,2,0,0,0,0,0,2,1,0,0,0,0,0,5,3,0,0,0,0,0,0,0,0,23,0,0,2,76,1.272179444,0,0,0,0,2,1,0,0,4,3,0,20,0,9,3,0,1,1,0,1,6,1,0,0,2,2,7,4,0,0,0,0,1,1,0,0,0,5,0,0,0,0,0,3,4,2,25,6,6,0,2,122,2.042182792,"Eisenhower","Republican",6,11,5,2,0,0,2,13,5,1,12,57,0.954134583
"89",1955,0,0,0,0,23,17,1,1,0,0,1,1,1,0,0,1,1,0,0,0,6,0,0,0,0,0,0,2,6,0,1,0,0,0,0,0,0,0,1,0,0,0,0,0,0,3,0,0,66,0.912358308,0,0,0,2,6,0,0,0,0,1,0,0,1,1,22,0,0,1,0,0,0,0,1,1,0,0,28,0,0,1,3,0,0,0,0,0,2,3,0,0,0,0,0,4,1,0,0,0,0,0,0,0,0,28,1,0,0,107,1.479126348,0,0,1,1,2,0,0,0,1,2,0,25,0,14,7,1,0,0,0,2,8,2,3,2,0,0,5,4,0,0,0,0,1,1,0,0,0,2,2,0,4,4,1,3,3,1,9,2,4,0,4,121,1.672656898,"Eisenhower","Republican",2,11,3,3,0,8,0,15,6,4,10,62,0.857063865
"90",1956,0,0,0,1,8,7,0,0,0,0,2,0,0,0,0,0,0,0,0,0,5,0,0,0,5,5,0,3,10,0,1,0,0,0,5,5,0,0,0,0,0,0,0,1,0,0,0,0,58,0.70345664,0,0,0,0,2,2,0,0,0,0,4,0,1,0,8,0,0,1,1,0,1,0,2,0,0,0,16,1,1,0,2,0,0,0,0,0,3,0,0,0,0,0,0,6,1,0,1,0,0,0,0,1,0,38,1,0,2,95,1.152213463,0,0,0,1,0,0,0,0,4,5,0,21,0,12,4,1,3,4,0,0,4,3,4,1,1,0,8,7,0,0,0,0,3,1,0,0,1,7,4,0,2,2,2,3,1,1,11,3,11,0,4,139,1.685870224,"Eisenhower","Republican",10,14,8,8,0,0,1,19,2,5,16,83,1.00667071
"91",1957,1,0,0,0,6,6,0,0,0,0,0,0,0,0,0,0,0,0,0,0,3,0,0,0,0,0,0,1,5,0,1,0,0,0,0,0,0,0,0,0,0,0,0,1,1,0,0,0,25,0.60547348,0,0,0,0,0,0,0,0,0,2,1,0,0,0,8,0,0,0,0,0,0,0,0,0,0,0,8,1,0,0,1,0,0,0,0,0,1,3,0,0,0,0,0,5,1,0,0,0,0,0,0,0,0,10,0,1,0,42,1.017195447,0,0,0,1,0,0,0,0,0,6,0,9,0,12,0,0,0,4,0,0,3,5,1,1,0,0,1,0,0,0,0,0,1,0,0,0,1,8,2,0,1,1,1,1,1,1,1,0,5,0,0,67,1.622668927,"Eisenhower","Republican",10,6,5,3,0,0,1,4,3,1,11,44,1.065633325
"92",1958,0,0,0,0,0,0,0,1,0,0,0,0,0,0,0,0,0,0,0,0,3,0,0,0,0,0,0,0,1,0,3,0,0,0,0,0,0,0,0,0,0,0,0,0,0,2,0,0,10,0.203624516,0,0,0,0,0,1,0,0,0,1,1,0,0,0,9,0,0,0,0,0,0,0,1,3,1,0,29,15,8,1,2,0,0,0,0,0,14,0,0,1,0,0,0,8,1,0,0,0,0,0,0,0,0,19,0,0,0,115,2.341681939,0,0,0,1,0,0,0,0,1,6,0,19,0,3,2,2,2,0,0,0,3,0,2,0,2,1,0,0,0,0,0,0,0,0,0,0,0,0,0,0,0,0,0,1,0,0,1,0,9,0,0,55,1.11993484,"Eisenhower","Republican",6,13,2,0,0,0,0,12,2,2,6,43,0.87558542
"93",1959,0,0,0,0,6,5,0,0,0,0,0,0,0,0,0,0,0,0,0,0,1,0,0,0,0,0,0,0,4,0,2,0,0,0,0,0,0,0,0,0,1,0,0,0,0,0,0,0,19,0.390223865,0,0,0,0,0,1,0,0,1,0,4,0,2,0,11,0,0,0,0,0,0,0,0,2,2,0,10,7,2,0,0,0,0,0,0,0,1,0,0,0,0,0,0,3,1,0,1,0,0,0,0,0,0,20,0,0,0,68,1.396590676,0,0,0,0,1,1,0,0,0,2,0,11,0,12,2,0,3,2,0,0,12,6,3,1,1,1,2,2,0,0,0,0,1,0,0,1,1,14,6,1,0,0,1,2,0,0,4,0,0,0,0,93,1.91004313,"Eisenhower","Republican",6,8,3,2,0,0,2,18,8,1,8,56,1.150133498
"94",1960,0,0,0,0,4,3,0,0,0,0,0,1,0,0,0,0,0,0,0,0,2,0,0,0,0,0,0,0,7,0,0,0,0,0,0,0,0,0,0,0,1,0,0,0,0,0,0,0,18,0.319829424,0,0,1,0,1,0,0,0,0,0,0,0,1,0,12,0,0,0,0,0,0,0,0,2,1,0,4,5,3,0,5,0,0,0,0,0,6,0,0,0,0,0,0,4,3,0,0,0,0,0,0,0,0,19,0,0,0,67,1.19047619,0,0,0,1,0,0,1,0,6,3,1,13,1,3,1,0,1,2,0,1,6,6,0,0,0,0,3,3,0,0,0,0,1,1,0,1,2,9,6,0,0,0,2,2,0,0,7,0,2,0,0,85,1.510305615,"Eisenhower","Republican",8,14,2,1,0,5,0,14,7,3,11,65,1.154939588
"95",1961,0,0,0,1,3,1,0,0,0,3,0,0,0,0,0,0,0,0,0,0,4,0,0,0,0,0,0,3,3,0,0,0,0,0,0,0,0,0,1,0,0,0,0,1,1,0,0,0,21,0.339366516,0,0,1,0,3,1,0,0,0,0,0,0,2,1,14,0,0,1,0,1,0,0,3,3,3,0,5,5,3,0,6,0,0,1,1,1,3,1,0,0,0,0,0,3,0,0,1,0,0,0,0,0,0,25,2,1,0,91,1.470588235,0,0,0,1,1,0,1,0,0,2,1,10,0,7,12,1,2,1,0,1,5,4,2,0,5,4,1,0,0,0,0,0,2,0,0,0,0,2,0,0,2,2,0,0,1,1,5,1,5,0,6,88,1.422107304,"Eisenhower","Republican",3,29,2,4,1,0,2,15,3,0,17,76,1.228183581
"96",1962,0,0,0,0,7,5,0,8,0,0,0,0,0,0,0,0,0,0,0,0,6,0,0,0,0,0,0,0,5,0,6,0,0,0,0,0,0,0,0,0,0,0,0,0,0,1,0,0,38,0.590428838,0,0,2,0,2,1,0,0,1,1,3,1,4,0,9,0,0,0,0,1,0,0,0,2,2,0,9,2,2,0,6,0,0,0,0,0,1,1,0,1,0,0,0,3,2,0,0,0,0,2,1,0,0,14,0,0,0,73,1.134244873,0,0,0,2,7,4,0,0,0,3,0,10,0,11,6,1,1,0,0,2,11,4,12,8,4,4,10,0,0,0,0,0,0,0,0,0,1,9,4,5,1,1,3,0,1,0,10,1,9,2,2,149,2.315102548,"Kennedy","Democratic",3,13,4,6,1,3,1,10,10,3,17,71,1.103169671
"97",1963,0,3,1,0,6,5,0,0,0,6,0,0,0,0,0,0,0,0,0,0,2,0,0,0,0,0,0,0,3,0,4,0,0,0,0,0,0,0,0,0,0,0,0,0,0,0,0,0,30,0.563274502,0,0,0,0,1,0,0,0,0,0,1,0,0,0,8,0,0,0,0,2,0,0,2,0,0,0,4,1,0,0,13,0,0,0,0,0,4,2,0,0,0,0,0,6,1,0,1,0,0,0,0,0,0,17,0,2,0,65,1.220428089,0,0,0,1,2,2,0,0,0,2,0,10,0,6,4,0,1,0,0,2,9,3,5,3,0,0,3,0,0,0,0,0,0,0,0,2,3,1,0,4,1,1,1,0,2,0,21,2,6,0,1,98,1.840030041,"Kennedy","Democratic",1,17,4,4,2,1,0,8,5,0,8,50,0.938790837
"98",1964,0,2,1,0,5,4,0,3,0,1,0,0,0,0,0,0,0,0,0,0,1,0,0,0,1,1,0,0,0,0,1,0,0,0,2,1,0,0,0,0,1,0,0,0,0,0,0,0,24,0.753059303,0,0,0,0,1,0,0,0,0,0,0,0,2,0,1,1,0,0,0,1,0,0,1,0,0,0,3,0,0,0,1,0,0,0,0,0,0,1,0,0,0,0,0,1,1,0,0,0,0,0,0,0,0,13,0,0,0,27,0.847191716,0,0,0,0,0,0,0,0,0,1,0,3,0,3,11,0,2,0,0,1,0,1,10,5,1,0,2,1,0,0,0,0,0,0,0,3,9,0,0,0,0,0,3,0,1,0,10,0,2,1,5,75,2.353310323,"Johnson","Democratic",3,15,0,3,1,8,3,2,11,1,2,49,1.537496078
"99",1965,0,0,0,0,3,1,0,0,0,0,0,0,0,0,0,0,0,0,0,0,0,0,0,0,0,0,0,1,6,0,3,0,0,0,0,0,0,0,0,0,0,0,0,0,0,0,0,0,14,0.318616295,0,0,0,0,0,2,0,0,0,0,2,0,1,0,4,0,0,0,0,0,0,0,0,1,0,0,1,0,0,0,0,0,0,0,0,0,5,2,0,0,0,0,0,3,1,1,0,0,0,0,0,0,0,17,0,0,0,40,0.910332271,0,0,0,0,2,0,0,0,0,3,0,3,0,6,2,0,0,0,0,1,5,0,1,0,1,1,1,1,0,0,0,0,0,0,0,2,4,3,1,3,0,0,5,0,0,0,2,1,3,0,1,52,1.183431953,"Johnson","Democratic",5,24,2,5,0,3,0,13,8,6,5,71,1.615839782
"100",1966,0,1,1,0,2,2,0,2,0,2,0,0,0,0,0,0,0,0,0,0,3,0,0,0,0,0,0,0,5,0,3,0,0,0,0,0,0,0,0,0,1,0,0,0,0,0,0,0,22,0.418648906,0,0,0,4,1,8,0,0,1,2,1,0,7,0,13,0,0,0,0,0,0,0,2,0,0,0,3,0,0,0,1,0,0,0,2,2,1,4,0,3,0,0,0,1,1,0,0,0,0,0,0,0,34,28,0,3,0,122,2.321598478,0,0,1,0,1,0,0,0,0,1,0,4,0,2,1,0,1,0,0,0,4,2,3,2,0,0,0,0,0,0,0,0,0,0,0,3,2,1,0,0,0,0,2,1,0,0,10,2,3,0,1,47,0.894386299,"Johnson","Democratic",5,18,4,5,0,0,2,13,12,5,7,71,1.351094196
"101",1967,0,0,0,0,6,4,0,1,0,0,0,0,0,0,0,0,0,0,0,0,2,0,0,0,0,0,0,0,5,0,4,0,0,0,0,0,0,0,0,0,1,0,0,0,0,0,0,0,23,0.323442554,0,0,1,2,2,5,0,0,0,3,1,0,8,0,9,0,0,0,0,0,0,0,4,0,0,0,1,2,0,0,4,0,0,1,0,0,7,2,0,2,1,0,0,5,4,2,0,0,0,2,2,0,23,40,0,0,0,133,1.870341724,0,0,0,1,2,0,0,0,0,3,0,7,0,6,2,0,1,0,0,0,2,1,6,2,3,1,0,0,0,0,0,0,0,0,0,3,5,10,5,0,1,0,2,1,0,0,14,5,4,0,1,88,1.237519336,"Johnson","Democratic",3,33,6,10,0,1,2,28,14,10,5,112,1.57502461
"102",1968,0,1,1,0,2,1,0,1,0,1,0,0,0,0,0,0,0,0,0,0,0,0,0,0,0,0,0,0,4,0,2,0,0,0,0,0,0,0,0,0,0,0,0,0,0,0,0,0,13,0.267765191,0,0,0,3,1,1,0,0,0,2,0,0,1,0,9,0,0,0,0,3,1,0,1,0,0,0,3,1,0,0,2,0,0,0,0,0,4,0,0,0,0,0,0,3,1,1,0,0,0,0,0,0,5,13,0,0,0,55,1.132852729,0,0,0,0,10,1,0,0,0,0,0,3,0,1,2,3,1,2,0,0,3,1,7,5,0,0,3,0,0,0,1,1,0,0,0,1,1,6,3,0,0,0,1,1,2,1,10,1,3,3,0,77,1.585993821,"Johnson","Democratic",4,25,8,7,3,1,2,5,12,4,4,75,1.544799176
"103",1969,0,0,0,0,2,2,0,1,0,0,0,0,0,0,0,0,0,0,0,0,0,0,0,0,0,0,0,0,0,0,0,0,0,0,0,0,0,1,0,0,1,0,0,0,0,0,0,0,7,0.170440711,0,1,0,2,0,2,0,0,0,0,2,0,1,0,5,0,0,0,0,1,1,0,0,0,0,0,1,1,0,0,2,0,0,1,0,0,2,1,0,0,0,0,0,2,0,0,0,0,0,0,0,0,9,4,0,0,0,38,0.925249574,0,0,0,0,0,0,0,0,0,1,0,1,0,1,3,0,0,1,0,0,1,1,4,3,0,0,0,0,0,0,0,0,0,0,0,0,7,0,0,0,0,0,3,1,0,0,5,0,2,0,2,36,0.876552228,"Johnson","Democratic",3,16,3,4,1,2,1,13,13,4,8,68,1.655709764
"104",1970,0,0,0,0,0,0,0,0,0,0,0,0,0,0,0,0,0,0,0,0,2,0,0,0,0,0,0,0,0,0,2,0,0,0,0,0,0,0,0,0,0,0,0,0,0,3,0,0,7,0.157126824,0,0,0,1,0,0,0,0,0,1,0,0,4,0,5,0,0,0,0,0,0,0,1,0,0,0,2,0,0,0,0,0,0,0,0,0,1,0,0,1,0,0,0,1,1,0,0,0,0,0,0,0,3,20,0,2,0,43,0.965207632,0,0,0,0,0,0,0,0,4,4,0,6,0,1,1,0,0,0,0,1,11,3,2,0,0,0,0,0,0,0,0,0,0,0,0,1,1,8,3,0,0,0,4,0,0,0,1,1,0,0,0,52,1.167227834,"Nixon","Republican",3,23,0,1,0,1,3,25,4,2,4,66,1.481481481
"105",1971,0,0,0,0,0,0,0,3,0,0,0,0,0,0,0,0,0,0,0,0,2,0,0,0,0,0,0,0,1,0,1,0,1,0,0,0,0,0,0,0,0,0,0,0,0,3,0,0,11,0.245810056,0,0,0,1,1,0,0,0,0,0,0,0,0,0,3,0,0,0,0,2,0,0,0,0,0,0,0,0,0,0,0,0,0,0,0,0,0,0,0,0,0,0,0,0,0,0,0,0,0,0,0,0,0,11,0,0,2,20,0.446927374,0,0,0,0,1,0,0,0,0,0,0,1,0,8,9,0,0,2,0,0,2,7,4,2,0,0,0,0,0,0,0,0,0,0,0,0,0,3,0,0,0,0,0,0,0,0,4,2,0,1,2,48,1.072625698,"Nixon","Republican",5,23,9,5,2,1,3,32,2,5,2,89,1.988826816
"106",1972,0,0,0,1,0,0,0,0,0,0,0,0,0,0,0,0,0,0,0,0,4,0,0,0,0,0,0,0,2,0,0,0,0,0,0,0,1,0,0,0,0,0,0,0,0,0,0,0,8,0.201663726,0,0,0,1,1,0,0,0,0,1,0,0,1,0,1,1,0,0,0,1,0,0,0,0,0,0,2,0,0,0,1,0,0,0,0,0,2,0,0,0,0,0,0,5,4,0,0,0,0,0,0,0,1,20,0,1,1,44,1.109150492,0,0,0,0,3,0,0,0,0,0,0,0,0,1,6,0,3,0,0,2,1,4,5,3,0,0,4,4,0,0,0,0,1,0,0,1,0,1,0,0,1,0,1,0,0,0,10,5,1,0,2,59,1.487269977,"Nixon","Republican",0,16,6,1,1,3,1,18,6,4,3,59,1.487269977
"107",1973,0,0,0,0,0,0,0,1,0,0,0,0,0,0,0,0,0,0,0,0,4,0,0,0,0,0,0,0,1,0,0,0,0,0,0,0,0,0,0,0,0,0,0,0,0,0,0,0,6,0.362537764,0,0,0,0,0,0,0,0,0,0,0,0,0,0,4,0,0,0,0,0,0,0,0,0,0,0,0,0,0,0,0,0,0,0,0,0,0,0,0,0,0,0,0,0,0,0,0,0,0,0,0,0,2,2,0,0,0,8,0.483383686,0,0,0,0,1,0,0,0,0,0,0,4,0,0,0,0,0,0,0,0,1,3,4,0,0,0,0,0,0,0,0,0,0,0,0,0,0,0,0,0,0,0,0,0,0,0,9,5,1,0,0,28,1.6918429,"Nixon","Republican",1,13,2,1,0,1,1,6,2,6,1,34,2.054380665
"108",1974,0,0,0,0,2,2,0,2,0,0,0,0,0,0,0,0,0,0,0,0,0,0,0,0,0,0,0,0,1,0,1,0,0,0,0,0,0,0,0,0,0,0,0,0,0,0,0,0,8,0.155219247,0,0,0,1,0,0,0,0,0,0,1,0,5,0,6,0,0,0,0,5,1,0,0,0,0,0,7,0,0,0,1,0,0,0,0,0,3,0,0,0,0,0,0,4,3,0,0,0,0,1,1,0,0,26,0,1,0,66,1.280558789,0,0,0,0,1,1,0,0,0,0,0,3,0,3,0,1,0,0,0,0,2,3,6,4,1,1,2,2,0,0,0,0,0,0,0,1,0,5,2,3,0,0,1,0,0,0,6,2,4,0,0,54,1.047729919,"Nixon","Republican",7,33,4,4,5,0,1,18,2,7,12,93,1.804423749
"109",1975,0,0,0,0,0,0,0,0,0,0,0,0,0,0,0,0,0,0,0,0,8,0,0,0,0,0,0,0,0,0,0,0,0,0,0,0,0,0,0,0,0,0,0,0,0,1,0,0,9,0.219351694,0,0,0,0,0,2,0,0,0,0,0,0,0,0,3,0,0,0,0,4,0,0,1,0,0,0,6,0,0,0,6,0,0,0,0,0,2,1,0,0,0,0,0,1,1,0,0,0,0,0,0,0,1,5,0,0,0,33,0.804289544,0,0,1,0,1,0,0,0,1,1,0,13,0,4,0,0,0,0,0,0,8,8,6,5,0,0,1,1,0,0,0,0,0,0,0,1,0,9,4,1,1,1,0,0,0,0,29,10,2,1,0,109,2.656592737,"Ford","Republican",1,12,3,0,4,0,3,7,3,1,7,41,0.999268828
"110",1976,0,0,0,0,8,4,0,2,1,0,0,0,0,0,0,0,0,0,0,0,7,0,0,0,0,0,0,0,1,0,1,0,0,1,0,0,0,0,0,0,0,0,0,0,0,3,0,0,28,0.565542315,0,0,0,0,0,4,0,0,1,0,4,1,1,0,13,0,0,0,0,0,0,0,0,0,0,0,5,1,1,0,3,0,0,0,1,1,0,0,0,0,0,0,0,2,0,0,0,0,0,0,0,0,0,14,0,0,0,52,1.05029287,0,0,1,0,2,1,0,0,0,1,0,3,0,14,5,0,1,1,0,0,10,7,18,11,0,0,0,0,0,0,0,0,0,0,0,3,0,5,5,4,3,1,1,1,1,0,19,4,0,1,4,127,2.565138356,"Ford","Republican",2,32,5,4,0,0,7,16,4,1,7,78,1.575439305
"111",1977,0,0,0,1,6,4,0,0,0,0,0,0,0,0,0,0,0,0,0,0,8,0,0,0,0,0,0,0,1,0,1,0,0,0,0,0,0,1,0,0,1,0,0,0,0,0,0,0,23,0.495689655,0,0,0,2,0,2,0,0,0,0,1,0,1,0,12,0,0,0,0,0,1,0,1,2,0,0,3,2,0,0,7,0,0,0,1,1,2,0,0,0,0,0,0,1,1,0,0,0,0,0,0,0,2,18,1,1,0,62,1.336206897,0,0,0,0,1,0,0,0,0,0,0,9,0,5,1,0,0,1,0,0,4,4,8,8,0,0,0,0,0,0,0,0,0,0,0,2,0,5,0,4,0,0,2,0,2,0,7,1,2,1,1,68,1.465517241,"Ford","Republican",2,17,3,4,0,1,0,12,2,3,9,53,1.142241379
"112",1978,0,0,0,0,4,3,0,1,0,0,0,0,0,0,0,0,0,0,0,0,11,0,1,1,0,0,0,0,2,0,2,0,0,0,0,0,1,0,0,0,0,0,0,0,0,2,0,0,28,0.611353712,0,0,0,0,0,4,0,0,0,0,0,0,1,0,2,0,0,0,0,5,0,0,0,0,0,0,3,0,0,0,7,0,0,0,0,0,2,1,0,0,0,0,0,3,2,0,0,0,0,0,0,0,0,16,0,1,0,47,1.026200873,0,0,0,0,2,1,0,0,0,3,0,15,0,11,8,0,0,0,0,0,6,17,14,10,0,0,0,0,0,0,0,0,0,0,0,1,1,11,3,0,0,0,0,1,0,0,18,3,6,1,6,138,3.013100437,"Carter","Democratic",3,23,0,2,5,4,1,12,3,11,8,72,1.572052402
"113",1979,0,0,0,0,2,2,0,1,0,0,0,0,0,0,0,0,0,0,0,0,1,0,0,0,0,0,0,0,2,0,1,0,0,0,0,0,0,0,0,0,1,1,0,0,0,0,0,0,11,0.339192106,0,1,0,0,1,1,0,0,1,0,1,0,4,0,11,0,0,1,0,0,3,0,0,2,2,0,3,1,1,0,13,0,0,0,0,0,6,1,0,0,0,0,0,5,2,1,2,0,0,0,0,0,0,10,0,1,0,74,2.281837805,0,0,0,0,0,0,0,0,0,1,0,6,0,8,2,0,1,1,0,0,1,15,6,4,0,0,0,0,0,0,0,0,0,0,0,2,1,2,1,3,1,0,0,1,0,0,1,0,3,1,2,63,1.942645698,"Carter","Democratic",6,30,5,5,0,5,1,4,3,5,7,71,2.189330866
"114",1980,0,1,1,0,3,2,0,0,0,1,0,0,0,0,0,0,0,0,0,0,4,0,0,0,0,0,0,0,1,0,0,0,0,0,0,0,0,1,0,0,0,0,0,0,0,0,0,0,14,0.412249706,8,0,0,0,0,3,0,0,0,0,1,0,1,0,12,0,0,6,0,1,5,0,1,0,0,0,13,1,0,0,6,0,0,0,0,0,32,2,0,2,2,0,0,10,3,0,1,0,0,4,4,0,0,8,0,1,0,127,3.739693757,0,0,0,0,0,0,0,0,0,5,0,6,0,2,0,1,0,0,0,0,4,4,4,3,0,0,0,0,0,0,0,0,0,0,0,0,0,4,2,0,0,0,0,1,0,0,0,0,1,0,0,37,1.089517079,"Carter","Democratic",3,7,5,0,1,0,0,8,3,7,13,47,1.383981154
"115",1981,2,3,1,0,25,22,0,8,0,8,0,0,0,0,0,0,0,2,0,1,29,0,2,4,1,1,0,8,10,0,11,0,3,8,1,1,7,14,0,0,1,0,0,29,14,3,0,0,219,0.652484805,18,0,3,2,6,10,0,0,0,0,1,0,5,0,83,1,0,15,5,5,13,0,3,6,2,0,29,6,3,3,45,0,0,0,0,0,63,5,0,1,1,0,0,32,16,3,4,0,0,1,1,0,10,68,1,2,0,472,1.406268621,0,0,5,2,15,8,0,0,2,8,1,92,0,35,32,3,3,21,0,4,29,23,28,18,12,4,25,8,0,0,0,0,3,0,0,10,4,37,20,4,6,5,3,5,5,0,27,0,27,5,7,546,1.626742939,"Carter","Democratic",18,74,29,23,5,1,4,37,24,19,73,307,0.91467048
"116",1982,0,0,0,0,4,4,0,0,0,1,0,0,0,0,0,0,0,0,0,0,5,0,0,0,0,0,0,0,0,0,1,0,0,0,0,0,0,1,0,0,0,0,0,0,0,0,0,0,16,0.30798845,1,0,0,0,1,0,0,0,0,0,0,0,0,0,12,0,0,0,0,0,0,0,0,0,0,0,8,0,0,0,1,0,0,0,0,0,8,0,0,1,1,0,0,1,1,0,0,0,0,0,0,0,0,10,0,0,0,45,0.866217517,0,0,0,0,0,0,1,0,1,1,0,12,0,8,7,0,1,2,0,0,10,10,8,7,0,0,2,0,0,0,0,0,0,0,0,2,0,1,0,6,0,0,0,6,0,0,29,9,1,2,7,133,2.560153994,"Reagan","Republican",4,26,5,6,0,4,0,3,4,15,0,67,1.289701636
"117",1983,0,0,0,0,3,3,0,1,0,0,0,0,0,0,0,0,0,0,0,0,4,0,0,0,0,0,0,0,5,0,2,0,0,0,0,0,0,0,0,0,0,0,0,0,0,0,0,0,18,0.32304379,0,0,0,0,0,1,1,0,0,0,4,0,2,0,10,0,0,0,0,1,0,0,0,0,0,0,4,2,1,0,1,0,0,0,0,0,8,2,0,0,0,0,0,3,2,0,1,0,0,0,0,0,0,14,0,0,0,57,1.022972003,0,0,0,3,1,0,0,0,4,1,0,18,0,7,8,0,0,2,0,2,11,12,15,8,1,0,5,2,0,0,0,0,2,1,0,0,0,2,1,2,2,1,1,5,0,0,14,1,10,3,5,150,2.692031587,"Reagan","Republican",3,35,7,11,1,0,1,5,8,10,5,86,1.543431443
"118",1984,0,0,0,1,4,2,0,5,0,2,0,0,0,0,0,0,0,0,0,0,0,0,0,0,0,0,0,0,0,0,0,0,0,0,0,0,0,2,0,0,0,0,0,1,0,0,0,0,17,0.341845968,0,1,0,0,1,0,0,0,0,1,2,1,0,0,11,3,0,0,0,1,0,0,0,1,1,0,3,0,0,0,3,0,0,0,1,1,4,5,0,2,2,0,0,2,0,0,0,0,0,0,0,0,0,17,0,0,0,63,1.266840941,0,0,0,0,1,1,3,0,1,1,0,11,0,5,1,0,0,0,0,0,8,6,5,4,0,0,2,1,0,0,1,1,1,0,0,0,0,0,0,0,1,1,0,4,0,0,21,7,2,0,1,90,1.809772773,"Reagan","Republican",5,16,2,14,1,8,7,18,15,10,3,99,1.99075005
"119",1985,0,0,0,0,5,4,0,0,0,1,0,0,0,0,0,0,0,0,0,0,1,0,1,0,0,0,0,0,0,0,1,0,0,0,0,0,1,0,0,0,0,0,0,0,0,0,0,0,14,0.329411765,1,1,0,0,0,0,0,0,0,0,0,0,2,0,3,0,0,0,0,0,0,0,0,0,0,0,3,2,1,0,5,0,0,0,0,0,4,2,0,1,0,1,1,3,2,0,0,0,0,0,0,0,2,13,0,0,0,47,1.105882353,0,0,0,3,1,1,0,0,0,0,0,7,0,14,2,0,0,2,0,0,14,1,10,8,0,0,3,1,0,0,0,0,0,0,0,0,3,3,1,0,0,0,1,2,0,0,23,2,6,1,1,110,2.588235294,"Reagan","Republican",3,19,6,9,0,6,4,19,8,7,4,85,2
"120",1986,0,0,0,0,2,2,0,0,0,0,0,0,0,0,0,0,0,0,0,0,1,0,0,0,0,0,0,0,0,0,0,0,0,0,0,0,0,0,0,0,0,0,0,0,0,0,0,0,5,0.142571999,1,0,0,0,0,1,0,0,0,0,1,0,5,0,5,0,0,0,0,1,0,0,0,0,0,0,0,0,0,0,3,0,0,0,0,0,5,0,0,3,0,0,0,4,2,0,0,0,0,0,0,0,0,11,0,0,0,42,1.19760479,0,0,0,1,0,0,0,0,0,1,0,5,0,3,1,1,0,2,0,0,5,1,2,2,0,0,2,2,0,0,2,0,0,0,0,2,2,2,2,0,0,0,2,1,0,0,12,3,3,0,0,59,1.682349587,"Reagan","Republican",5,15,1,10,1,5,12,13,6,6,4,78,2.224123182
"121",1987,0,1,1,1,3,3,0,2,0,1,0,0,0,0,0,0,0,0,0,0,2,0,0,0,0,0,0,0,1,0,2,0,0,0,0,0,0,0,0,0,0,0,0,0,0,0,0,0,17,0.447015514,3,0,0,1,1,1,0,0,0,0,3,1,3,0,2,0,0,1,0,0,0,0,1,0,0,0,3,0,0,0,0,0,0,0,0,0,13,0,0,1,0,1,0,2,2,0,0,0,0,1,1,0,1,9,0,0,0,51,1.341046542,0,0,0,2,0,0,0,0,0,1,0,3,0,1,1,1,0,1,0,0,1,1,4,2,0,0,2,1,0,0,0,0,0,0,0,0,1,0,0,0,0,0,0,0,0,0,3,2,9,0,1,37,0.972916119,"Reagan","Republican",3,16,3,7,0,0,1,6,3,4,6,49,1.288456482
"122",1988,0,3,2,1,0,0,0,2,0,0,0,0,0,0,0,0,0,0,0,0,0,0,0,0,0,0,0,0,0,0,1,0,0,1,0,0,0,1,0,0,0,0,0,0,0,0,0,0,11,0.226570546,2,0,1,1,0,0,0,0,0,0,2,1,6,0,6,0,0,1,0,2,0,0,0,0,0,0,0,1,0,0,7,0,0,0,0,0,3,3,0,2,0,0,0,4,2,1,0,0,0,1,1,0,0,14,0,1,0,62,1.277033986,0,0,0,1,0,0,0,0,1,1,0,10,0,3,2,1,0,1,0,0,6,2,5,4,0,0,2,1,0,0,0,0,0,0,0,3,6,0,0,0,0,0,2,0,0,0,1,0,7,0,0,59,1.215242019,"Reagan","Republican",4,24,4,8,2,0,16,11,9,6,4,88,1.812564367
"123",1989,0,1,1,2,2,2,0,2,0,0,1,0,0,0,0,0,0,0,0,0,2,0,0,1,0,0,0,0,0,0,0,0,0,0,0,0,0,0,0,0,0,0,0,0,0,0,0,0,14,0.290396183,0,1,0,0,0,1,0,0,0,0,1,1,1,0,11,0,0,0,0,3,0,0,0,0,0,0,4,0,0,0,3,0,0,0,0,0,2,0,0,0,0,0,0,4,4,1,0,0,0,0,0,0,0,15,0,0,0,52,1.078614395,0,0,0,1,0,0,0,0,0,3,0,8,0,0,1,0,1,1,0,0,8,3,5,2,0,0,2,2,0,0,0,0,0,0,0,3,2,0,0,0,0,0,0,4,0,0,9,4,0,0,1,60,1.244555072,"Bush","Republican",6,16,6,10,3,2,1,13,11,3,1,72,1.493466086
"124",1990,0,0,0,0,3,2,0,4,0,0,0,0,0,0,0,0,0,0,0,0,0,0,0,0,1,0,0,0,0,0,0,0,0,0,1,0,0,0,0,0,0,1,0,0,0,0,0,0,12,0.318302387,0,1,3,1,0,1,0,0,0,0,1,0,0,0,4,0,0,0,0,0,0,0,0,0,0,0,6,0,0,0,0,0,0,0,0,0,5,1,0,0,0,0,0,1,0,0,0,0,0,2,1,0,0,8,0,1,0,36,0.954907162,0,0,0,2,0,0,0,0,1,0,0,3,0,1,0,0,0,0,0,1,1,0,3,2,0,0,3,2,0,0,0,0,0,0,0,0,0,0,0,0,1,0,1,1,0,0,2,1,0,0,0,25,0.663129973,"Bush","Republican",1,23,12,15,0,2,5,9,10,2,3,82,2.175066313
"125",1991,0,0,0,0,3,2,0,0,0,0,0,0,0,0,0,0,0,0,0,0,0,0,0,0,0,0,0,0,1,0,1,0,1,0,0,0,0,0,0,0,0,1,0,0,0,0,0,0,9,0.239043825,0,0,0,1,1,3,0,0,0,0,1,0,5,0,11,0,0,0,6,0,1,0,0,1,0,0,1,3,0,0,0,0,0,0,1,0,5,9,0,1,1,0,0,2,0,0,0,0,0,0,0,0,0,23,0,0,0,76,2.018592297,0,0,0,0,0,0,0,0,1,1,0,7,0,3,1,0,1,2,0,0,8,3,7,5,2,2,2,1,0,0,0,0,0,0,0,0,0,0,0,1,0,0,0,2,0,0,3,0,3,0,0,55,1.460823373,"Bush","Republican",3,25,1,7,0,0,1,5,2,5,12,61,1.620185923
"126",1992,0,0,0,0,1,1,0,1,0,0,0,0,0,0,0,0,0,0,0,0,0,0,0,0,0,0,0,0,0,0,0,0,0,0,0,0,0,0,0,0,0,0,1,0,0,0,0,0,4,0.084781687,0,2,1,1,0,1,0,0,0,0,0,0,2,0,6,0,0,0,0,0,1,0,0,0,0,0,1,8,6,0,4,0,0,1,0,0,1,0,0,0,0,0,0,1,0,0,1,0,0,1,1,0,0,12,0,0,0,51,1.080966511,0,0,0,1,0,0,0,0,0,1,0,5,0,9,3,0,1,0,0,0,8,2,11,8,2,2,3,1,0,0,1,1,1,0,0,1,0,1,0,0,0,0,1,2,0,0,21,4,4,0,2,96,2.034760492,"Bush","Republican",0,22,14,11,0,1,8,4,2,9,2,73,1.547265791
"127",1993,0,0,0,0,1,1,0,4,0,0,0,0,0,0,0,0,0,0,0,1,3,0,0,0,0,0,0,0,1,0,0,0,0,0,0,0,0,0,0,0,0,0,0,0,0,0,0,0,11,0.156985871,0,0,0,0,1,1,0,0,0,0,1,0,1,0,7,0,0,0,0,1,0,0,0,0,0,0,2,0,0,0,1,0,0,0,0,0,0,0,0,1,0,0,0,1,0,0,1,0,0,0,0,0,0,8,0,0,0,26,0.371057514,0,0,0,2,2,1,0,0,10,5,0,13,0,12,2,0,2,2,0,0,10,1,25,24,7,5,3,2,0,0,0,0,0,0,0,4,1,1,0,1,0,0,0,5,0,0,33,6,6,1,1,187,2.668759812,"Clinton","Democratic",4,42,16,21,1,1,3,9,6,7,5,115,1.641215927
"128",1994,0,1,1,1,2,2,0,3,0,0,0,0,0,0,0,0,0,0,0,1,1,0,0,0,0,0,0,0,0,0,0,0,0,0,0,0,0,1,0,0,0,0,0,0,0,2,0,0,15,0.202702703,0,1,0,0,0,1,0,0,0,0,2,0,3,0,10,0,0,0,0,3,0,0,1,0,0,0,4,1,1,0,4,0,0,7,0,0,2,0,0,2,0,1,1,2,0,0,2,0,0,1,1,0,0,8,0,0,0,58,0.783783784,0,0,0,8,0,0,0,0,1,2,0,9,1,5,6,0,5,1,0,1,3,2,30,20,2,2,4,2,0,0,0,0,0,0,0,1,3,2,1,0,1,0,5,2,0,0,13,5,4,0,4,145,1.959459459,"Clinton","Democratic",4,42,9,23,3,0,12,3,9,8,4,117,1.581081081
"129",1995,0,5,4,0,22,22,4,3,0,0,0,2,1,0,0,0,0,0,0,0,2,0,0,6,3,3,0,2,0,0,3,0,1,4,3,3,0,2,0,0,0,0,0,0,0,0,0,0,95,1.039046265,0,0,0,0,2,0,0,0,1,1,2,1,3,0,9,1,0,0,0,1,2,0,2,1,0,0,3,2,1,0,5,0,0,3,1,0,0,3,0,7,1,5,3,4,2,0,0,0,0,1,1,0,0,18,0,0,0,86,0.940610303,0,0,0,13,1,1,0,0,1,3,0,5,0,13,1,0,0,2,0,0,3,2,19,12,5,2,2,1,0,0,0,0,0,0,0,3,1,2,2,0,2,2,1,2,0,0,20,5,3,0,1,130,1.421852784,"Clinton","Democratic",5,40,12,25,1,2,6,9,7,17,5,129,1.410915454
"130",1996,0,3,2,0,11,10,2,6,0,0,0,0,0,0,0,0,0,0,0,1,1,0,0,3,4,3,0,1,0,0,0,0,0,0,4,3,0,0,0,0,0,0,0,2,2,1,1,0,60,0.954957823,0,0,0,1,0,1,0,0,0,0,1,0,6,0,10,2,0,0,0,0,0,0,2,0,0,0,2,1,0,0,5,0,0,3,0,0,0,0,0,3,2,1,1,4,0,0,3,0,0,2,2,0,2,11,0,0,0,65,1.034537641,0,0,0,4,0,0,0,0,1,0,0,3,0,5,1,0,0,0,0,0,0,1,15,8,3,1,4,1,0,0,0,0,8,3,0,2,2,0,0,0,1,1,6,3,1,0,11,3,1,1,1,91,1.448352698,"Clinton","Democratic",5,49,2,45,0,2,9,5,3,18,5,143,2.275982811
"131",1997,0,0,0,0,11,7,1,7,0,0,0,0,0,0,0,0,0,0,0,1,1,0,0,1,4,4,0,0,1,0,2,0,0,3,4,4,0,0,0,0,1,0,0,0,0,0,0,0,52,0.771284485,0,0,2,0,0,4,0,0,0,2,0,0,5,0,11,1,0,0,0,2,0,0,3,0,0,0,1,0,0,0,5,0,0,2,0,0,0,0,0,3,1,1,1,4,1,1,1,0,0,2,2,0,1,13,0,1,0,70,1.038267576,0,0,0,5,0,0,0,0,1,2,0,4,1,11,1,0,3,1,0,1,2,0,14,7,1,1,4,2,0,0,1,1,0,0,0,2,0,0,0,0,0,0,0,1,0,0,10,4,5,0,1,86,1.27558588,"Clinton","Democratic",2,38,5,37,2,2,7,10,3,13,4,123,1.824384456
"132",1998,0,2,1,0,9,5,0,8,0,0,0,0,0,0,0,0,0,0,0,0,1,0,0,1,2,2,0,0,3,0,2,0,0,0,2,2,0,0,0,0,0,0,0,0,0,0,0,0,40,0.549224221,0,1,2,1,2,0,1,0,0,2,1,1,3,0,5,0,0,0,2,2,0,0,2,0,0,0,2,1,1,0,4,0,0,1,2,2,0,1,0,3,0,2,2,4,1,0,1,0,0,3,3,0,1,12,0,0,0,71,0.974872992,0,0,0,9,2,1,0,0,1,1,0,3,0,11,2,0,2,1,0,3,2,1,16,10,2,2,10,4,0,0,1,1,0,0,0,4,0,3,0,1,2,0,1,2,0,0,16,0,8,0,1,123,1.688864479,"Clinton","Democratic",7,38,9,44,2,1,9,8,8,12,7,145,1.9909378
"133",1999,0,0,0,0,3,1,0,6,0,1,0,0,0,0,0,0,0,0,0,0,1,0,0,1,2,2,0,0,3,0,0,0,0,0,2,2,0,1,0,0,3,0,0,0,0,0,0,0,28,0.374732334,0,1,0,0,0,0,0,0,0,0,0,0,2,0,7,0,0,0,5,3,2,0,2,0,0,0,1,2,2,0,5,0,0,2,0,0,1,1,0,6,2,1,1,5,2,0,2,0,0,3,3,0,0,13,0,1,0,75,1.003747323,0,0,0,4,0,0,0,0,2,1,0,5,0,10,2,0,1,3,0,0,3,1,9,4,3,1,4,4,0,0,0,0,3,1,0,3,2,1,1,2,3,2,0,11,0,0,11,1,11,0,1,110,1.472162741,"Clinton","Democratic",0,48,5,29,3,0,6,8,10,8,3,120,1.605995717
"134",2000,0,1,1,0,7,4,0,3,0,0,0,0,0,0,0,0,0,0,0,2,2,0,1,1,1,1,0,0,1,0,0,0,0,0,1,1,0,0,0,0,3,0,0,0,0,0,0,0,30,0.406118857,0,0,0,1,1,2,0,0,0,1,0,0,6,0,10,0,0,1,1,1,0,0,1,0,0,0,1,3,0,0,4,0,0,7,2,2,1,0,0,3,0,1,1,7,4,0,2,0,0,1,1,0,0,29,0,0,0,94,1.272505753,0,0,0,10,0,0,0,0,8,3,0,12,1,9,4,0,1,1,0,0,7,0,11,5,2,1,10,10,0,0,3,0,1,0,0,4,10,2,2,0,5,4,2,5,0,0,20,0,7,0,3,163,2.206579125,"Clinton","Democratic",4,46,6,52,1,3,7,14,4,7,2,146,1.976445106
"135",2001,0,0,0,0,5,5,0,1,0,0,0,0,0,0,0,0,0,0,0,0,0,0,0,0,0,0,0,0,0,0,0,0,0,0,0,0,0,0,0,0,1,1,0,0,0,0,0,0,13,0.295790671,0,0,0,0,0,0,0,0,0,0,0,0,3,0,4,0,0,0,0,1,0,0,0,0,0,0,7,1,0,0,1,0,0,0,0,0,0,1,0,1,0,1,1,4,1,0,3,0,0,0,0,0,0,6,0,0,0,35,0.796359499,0,0,0,0,0,0,0,0,9,3,0,3,0,3,0,0,2,1,0,2,1,2,4,2,0,0,1,1,0,0,0,0,0,0,0,1,1,2,2,0,7,5,0,3,0,0,32,7,4,0,0,98,2.229806598,"Bush","Republican",2,13,2,18,1,4,4,11,7,6,2,70,1.592718999
"136",2002,0,3,1,0,9,9,0,1,0,0,0,0,0,0,0,0,0,0,0,0,1,0,0,1,0,0,0,0,0,0,1,0,0,0,0,0,1,0,0,0,0,0,0,0,0,0,0,0,27,0.706066946,13,0,0,1,1,1,0,0,4,2,2,1,7,0,6,0,0,2,2,2,0,1,1,1,0,0,4,2,1,1,3,0,0,1,2,2,0,0,0,36,3,20,10,7,5,0,1,0,0,3,3,0,0,16,0,0,0,167,4.367154812,0,0,0,1,0,0,0,0,1,1,0,3,0,4,2,0,0,1,0,1,1,0,13,11,0,0,2,2,0,0,1,0,1,0,0,0,1,3,0,3,5,3,1,0,0,0,7,0,4,0,2,74,1.935146444,"Bush","Republican",4,23,2,9,2,1,0,10,5,5,6,67,1.75209205
"137",2003,0,1,1,0,10,9,0,4,0,0,0,0,0,0,0,0,0,0,0,0,1,0,0,2,0,0,0,0,2,0,1,0,0,0,0,0,0,0,0,0,0,0,0,1,1,0,0,0,33,0.614296351,3,0,0,1,0,0,0,0,1,3,2,0,7,1,6,0,0,3,22,1,1,0,7,0,0,0,3,3,1,0,12,0,0,1,0,0,1,2,0,22,3,13,7,17,2,1,5,0,0,2,2,0,0,19,1,0,0,175,3.257632167,0,0,0,1,0,0,0,0,0,2,0,3,0,10,1,0,0,0,0,0,1,0,4,2,0,0,1,0,0,0,2,2,0,0,0,0,0,0,0,2,1,1,2,0,1,0,13,3,0,0,1,53,0.986597171,"Bush","Republican",10,31,3,10,1,4,2,11,4,3,15,94,1.74981385
"138",2004,0,2,1,0,6,6,1,3,0,0,0,0,0,0,0,0,0,0,0,0,3,0,0,3,0,0,0,2,1,0,0,0,0,0,0,0,0,0,0,0,0,0,0,0,0,0,0,0,28,0.541481338,5,0,1,1,1,0,0,0,4,0,1,0,2,0,10,0,0,1,24,0,0,0,2,0,0,0,2,0,0,0,4,0,0,0,0,0,0,0,2,20,1,14,10,7,1,0,4,0,0,5,5,0,0,20,0,0,0,147,2.842777026,0,0,0,0,1,1,0,0,0,4,0,3,0,14,0,0,0,0,0,0,7,1,13,6,0,0,2,2,0,0,0,0,0,0,0,0,0,1,0,1,1,1,1,5,1,0,21,9,2,0,0,97,1.875846065,"Bush","Republican",7,27,3,22,0,6,0,14,2,5,10,96,1.856507445
"139",2005,0,3,0,0,7,6,0,3,0,0,0,0,0,0,0,1,1,0,0,0,1,0,0,0,0,0,0,2,0,0,0,0,0,0,0,0,1,1,0,0,0,0,0,0,0,0,0,0,26,0.514953456,3,1,0,1,0,0,0,0,3,1,2,0,6,0,8,0,0,3,27,0,2,0,1,2,0,0,4,0,0,0,3,0,0,0,1,1,0,0,0,27,1,12,11,2,0,0,0,0,0,1,1,0,0,13,0,0,0,137,2.713408596,0,0,0,1,0,0,0,0,0,1,0,3,0,11,0,0,0,1,0,0,2,1,7,4,0,0,2,1,0,0,2,1,0,0,0,1,0,1,1,1,17,12,1,2,1,0,11,4,0,0,0,89,1.762725292,"Bush","Republican",3,18,5,15,0,3,1,14,5,4,6,74,1.46563676
"140",2006,0,4,2,0,9,9,0,2,0,0,0,0,0,0,0,0,0,0,0,0,0,0,0,0,1,1,0,2,0,0,1,0,0,0,1,1,1,0,0,0,0,0,0,1,0,0,0,0,35,0.657771096,2,0,0,1,0,1,0,0,4,4,5,1,13,0,7,1,1,6,16,1,1,0,1,1,0,0,8,0,0,0,3,0,3,0,0,0,0,1,0,20,3,11,6,1,0,0,1,0,0,3,2,0,0,13,0,0,0,141,2.649877843,0,0,0,1,0,0,0,0,0,1,0,7,0,16,0,0,0,0,0,0,2,0,7,6,1,1,2,2,0,0,0,0,0,0,0,2,1,1,1,0,3,3,1,1,0,0,10,1,3,0,0,73,1.371922571,"Bush","Republican",7,28,5,10,1,4,1,11,20,6,7,100,1.879345988
"141",2007,0,7,2,0,11,9,0,4,0,1,0,0,0,0,0,0,0,0,0,0,4,0,0,1,1,1,0,4,0,0,2,0,0,0,1,1,0,1,0,0,0,0,0,0,0,0,0,0,50,0.893176134,4,0,3,2,1,3,0,0,4,10,1,1,10,0,17,0,0,5,34,0,1,0,2,3,2,0,4,0,0,0,3,0,10,2,1,1,0,7,2,22,0,17,14,3,0,0,2,0,0,3,3,0,0,17,0,0,0,214,3.822793855,0,0,0,0,0,0,0,0,2,1,0,1,0,7,1,0,0,0,0,0,1,1,6,2,0,0,1,0,0,0,0,0,0,0,0,2,3,2,0,0,0,0,0,3,1,0,9,3,1,0,1,48,0.857449089,"Bush","Republican",5,21,2,15,0,2,1,14,10,10,12,92,1.643444087
"142",2008,0,5,1,1,10,10,0,8,1,1,0,0,0,0,0,0,0,0,0,0,3,0,1,3,0,0,0,3,0,0,0,0,0,1,0,0,0,0,0,0,0,0,0,0,0,0,0,0,48,0.83449235,4,0,2,0,1,0,0,0,5,7,0,0,16,0,16,0,1,7,39,0,3,0,1,4,2,0,6,1,1,0,4,0,11,0,2,2,0,2,2,23,0,17,14,2,1,0,1,0,0,10,9,0,0,10,0,0,0,226,3.92906815,0,0,0,0,1,0,0,0,0,2,0,3,0,6,0,0,2,0,0,1,5,0,6,5,0,0,6,4,0,0,1,1,1,0,0,2,1,2,2,0,0,0,2,2,0,0,16,6,7,0,0,84,1.460361613,"Bush","Republican",7,31,5,12,0,4,0,6,13,9,4,91,1.582058414
"143",2009,0,1,1,0,3,2,0,5,0,0,0,0,0,0,0,0,0,0,0,0,0,0,0,0,0,0,0,0,1,0,1,0,0,0,0,0,0,0,0,0,0,0,0,0,0,0,0,0,14,0.235690236,2,0,0,0,1,0,1,0,0,0,2,0,1,0,7,0,0,0,4,11,1,0,1,1,1,0,0,0,0,0,1,0,1,0,1,1,0,1,0,3,1,2,2,3,0,0,2,0,0,1,1,0,0,15,0,1,0,69,1.161616162,0,0,1,3,1,1,0,0,6,2,0,8,0,22,1,0,3,6,0,1,1,0,19,14,7,5,7,1,0,0,2,2,0,0,0,0,1,3,0,6,2,1,0,3,2,0,16,1,0,0,1,149,2.508417508,"Obama","Democratic",1,38,2,14,11,0,6,5,4,3,5,89,1.498316498
"144",2010,0,2,2,0,6,6,0,6,0,0,0,0,0,0,0,0,0,0,0,0,2,0,0,0,1,1,0,1,2,0,1,0,0,0,1,1,0,0,0,0,0,0,0,0,0,0,0,0,32,0.45032367,3,1,0,1,1,0,0,0,0,0,3,1,8,0,6,0,0,3,5,3,0,0,2,0,0,0,2,0,0,0,4,0,2,1,0,0,0,3,0,3,1,2,2,5,3,0,1,1,0,4,4,0,0,17,0,3,0,95,1.336898396,0,0,1,6,1,1,1,0,5,1,0,2,0,15,4,0,0,11,0,2,3,0,29,23,3,3,8,4,0,0,1,0,0,0,0,0,2,1,0,6,4,3,1,2,1,0,23,8,3,2,2,182,2.561215874,"Obama","Democratic",4,46,11,9,3,2,3,6,4,6,7,101,1.421334084
"145",2011,0,4,3,0,3,3,0,6,0,0,0,1,1,0,0,0,0,2,0,0,1,0,0,1,1,1,0,1,3,0,3,1,0,0,1,1,0,0,0,0,0,0,0,0,0,1,0,2,40,0.576368876,1,0,0,4,2,0,0,0,1,0,0,0,4,0,5,2,0,2,4,2,0,0,7,0,0,0,2,1,0,0,5,0,4,2,0,0,2,3,2,2,1,1,1,2,0,0,1,0,0,6,6,0,0,13,0,0,0,88,1.268011527,0,0,0,6,1,0,0,0,1,2,0,1,0,7,0,0,0,2,0,1,1,0,31,25,1,0,3,0,1,1,3,2,0,0,0,0,0,0,0,4,2,1,1,3,2,0,14,2,4,0,0,122,1.757925072,"Obama","Democratic",4,31,10,15,2,3,4,8,3,6,4,90,1.296829971
"146",2012,0,2,1,0,6,6,1,4,2,0,0,1,1,0,0,0,0,0,0,0,3,0,0,2,0,0,0,2,0,0,1,1,0,0,0,0,0,0,0,0,0,0,0,0,0,1,1,0,35,0.500930299,3,0,1,1,1,0,1,0,2,0,0,0,6,0,7,1,0,4,3,4,1,0,1,0,0,0,4,0,0,1,3,0,2,1,1,1,0,1,1,0,0,0,0,4,1,0,1,0,0,5,5,0,0,16,1,0,0,84,1.202232718,1,0,0,6,3,2,0,0,9,2,0,2,0,12,2,1,3,10,0,2,0,0,42,33,2,2,8,3,2,2,2,1,0,0,0,1,1,1,0,2,1,1,3,2,1,1,34,8,4,0,1,213,3.048518678,"Obama","Democratic",7,54,9,3,4,0,3,9,2,8,6,105,1.502790897
"147",2013,0,2,0,0,9,9,1,6,1,0,0,0,0,0,0,0,0,0,0,0,2,0,0,1,1,1,0,3,2,0,0,0,0,1,1,1,0,0,0,0,0,0,0,0,0,0,0,0,41,0.633987939,4,0,0,0,2,0,2,0,1,0,1,0,4,0,5,1,0,1,0,3,1,0,1,0,0,0,5,1,0,0,3,0,4,1,0,0,0,0,0,5,2,3,3,7,1,1,2,0,0,2,2,0,0,13,0,0,1,82,1.267975878,1,1,0,11,2,2,0,0,2,4,0,4,0,13,1,0,2,2,0,1,6,0,45,31,1,1,6,1,0,0,1,0,0,0,0,1,4,3,2,1,4,3,1,3,1,0,17,1,2,0,0,181,2.798824803,"Obama","Democratic",2,31,8,11,3,3,1,6,2,9,9,85,1.314365239
"148",2014,0,0,0,0,6,5,4,5,0,0,0,0,0,0,0,1,0,0,0,0,3,0,0,0,0,0,0,3,1,0,0,0,0,0,0,0,0,0,0,0,0,0,0,0,0,0,0,0,28,0.41310121,6,1,2,2,1,2,1,0,0,0,3,0,2,0,15,1,0,10,3,2,2,0,0,1,1,0,5,0,0,0,5,0,3,0,0,0,1,1,0,8,2,5,2,8,3,1,3,0,0,6,6,0,0,16,0,0,0,130,1.917969903,0,0,0,10,0,0,0,0,1,2,0,4,0,11,6,1,1,2,0,1,5,0,39,23,4,2,4,2,0,0,0,0,1,0,0,1,3,2,1,1,2,2,2,3,4,0,9,1,2,1,6,159,2.345824727,"Obama","Democratic",3,48,7,10,2,3,2,6,1,12,7,101,1.490115078
"149",2015,0,1,1,0,2,1,0,4,0,5,1,0,0,0,0,0,0,0,0,1,3,0,0,0,2,1,0,2,0,0,1,1,0,0,2,1,1,0,0,0,0,0,0,0,0,1,0,0,31,0.460829493,3,0,0,1,5,4,2,0,1,0,4,3,3,0,12,0,0,4,2,5,1,0,0,0,0,0,5,0,0,0,5,0,0,2,0,0,0,0,0,9,1,7,5,8,3,1,2,0,0,3,3,0,0,13,0,1,0,118,1.754125167,0,0,0,8,1,0,0,0,2,0,0,9,5,18,1,0,0,1,0,0,2,1,28,18,3,3,3,0,0,0,1,0,0,0,0,0,1,2,1,2,2,2,3,2,2,0,7,3,5,0,1,137,2.03656905,"Obama","Democratic",5,37,6,15,5,1,7,9,5,8,8,106,1.575739557
"150",2016,0,0,0,0,7,4,1,1,0,2,0,0,0,0,0,0,0,0,0,1,4,0,0,0,4,2,0,1,0,0,4,1,0,0,4,2,0,0,0,0,0,0,0,1,1,0,0,0,40,0.735564546,1,0,0,0,0,3,0,0,2,0,3,1,7,0,5,1,0,2,2,3,0,0,0,0,0,0,5,0,0,0,2,0,3,2,2,0,0,0,0,7,0,7,4,5,3,0,0,1,0,3,3,0,1,11,0,1,0,90,1.655020228,0,0,0,1,0,0,0,0,0,2,0,6,0,15,2,0,1,1,0,0,1,1,20,8,1,0,1,1,0,0,1,1,0,0,0,0,2,0,0,1,5,4,1,3,1,0,5,2,0,0,2,89,1.636631114,"Obama","Democratic",3,31,20,3,3,1,3,4,3,7,3,81,1.489518205
"151",2017,0,6,4,2,11,11,0,11,0,0,0,1,1,1,0,0,0,0,0,0,6,0,0,2,3,0,0,8,1,0,1,1,0,0,3,0,0,0,0,0,0,0,0,0,0,0,0,0,73,1.449563145,0,0,0,0,0,2,0,0,1,2,2,1,5,1,10,2,0,1,0,1,1,0,0,0,0,0,6,1,0,1,0,0,0,0,0,0,0,1,0,5,5,0,0,4,2,0,2,0,0,0,0,0,0,10,0,2,0,68,1.350277998,0,0,0,3,0,0,0,0,1,1,0,1,0,1,0,1,2,4,0,2,0,0,15,9,0,0,3,1,0,0,0,0,0,0,0,2,3,3,0,0,0,0,2,2,1,0,12,1,6,1,0,77,1.528991263,"Trump","Republican",4,48,2,13,0,2,4,23,6,4,15,121,2.402700556
"152",2018,0,5,1,0,10,8,1,4,0,1,0,0,0,0,0,2,0,0,0,0,1,0,1,1,3,1,0,8,1,0,1,0,0,2,3,1,0,0,0,0,0,0,0,0,0,0,0,0,55,1.05973025,1,0,1,1,1,1,0,0,1,1,3,1,7,0,4,1,0,3,1,7,1,0,7,1,1,0,4,1,1,1,6,0,0,1,0,0,0,2,0,9,1,8,6,5,3,1,1,0,0,0,0,0,0,10,0,0,0,104,2.003853565,0,0,0,1,0,0,0,0,0,0,0,1,0,3,3,0,0,0,0,0,1,0,10,6,0,0,1,0,0,0,0,0,1,0,0,2,1,3,2,1,1,1,0,1,1,0,16,0,4,0,3,63,1.213872832,"Trump","Republican",6,55,2,7,1,2,10,15,4,13,7,122,2.350674374
