year,president,party,asylum,border,borders,canada,citizen,citizens,citizenship,cross,crossing,cuba,customs,deport,deportation,deportations,deported,detain,detained,documented,emigration,ethnic,foreign,foreigner,hispanic,illegal,immigrant,immigrants,immigrate,immigration,labor,laborers,latin,latino,mexican,mexico,migrant,migrants,minorities,minority,naturalization,naturalized,racial,racism,racist,refugee,refugees,separate,separated,undocumented,immigration_total,speech_total,percent_immigration
1790,Washington,Nonpartisan   [13],0,0,0,0,0,0,0,0,0,0,0,0,0,0,0,0,0,0,0,0,0,0,0,0,0,0,0,0,0,0,0,0,0,0,0,0,0,0,0,0,0,0,0,0,0,0,0,0,0,0,0
1791,Washington,Nonpartisan   [13],0,1,1,0,3,3,0,1,0,0,0,1,0,0,0,0,0,0,0,0,0,0,0,0,0,0,0,0,1,0,1,0,0,0,0,0,0,0,0,0,0,0,0,0,0,0,0,0,12,2303,0.521059488
1792,Washington,Nonpartisan   [13],0,0,0,0,7,7,0,0,0,0,0,0,0,0,0,0,0,0,0,0,4,0,0,0,0,0,0,0,0,0,0,0,0,0,0,0,0,0,0,0,0,0,0,0,0,0,0,0,18,2098,0.857959962
1793,Washington,Nonpartisan   [13],0,0,0,0,5,4,0,0,0,0,0,0,0,0,0,0,0,0,0,0,0,0,0,0,0,0,0,0,1,0,0,0,0,0,0,0,0,0,0,0,0,0,0,0,0,0,0,0,10,1965,0.508905852
1794,Washington,Nonpartisan   [13],0,0,0,0,11,9,0,0,0,0,0,0,0,0,0,1,1,0,0,0,2,0,0,0,0,0,0,0,1,0,0,0,0,0,0,0,0,0,0,0,0,0,0,0,0,0,0,0,25,2915,0.857632933
1795,Washington,Nonpartisan   [13],0,1,1,0,4,4,0,0,0,0,0,0,0,0,0,0,0,0,0,0,3,0,0,0,0,0,0,0,0,0,2,0,0,0,0,0,0,0,0,0,0,0,0,0,0,0,0,0,15,1986,0.755287009
1796,Washington,Nonpartisan   [13],0,0,0,1,6,6,0,0,0,0,0,0,0,0,0,0,0,0,0,0,1,0,0,0,0,0,0,0,0,0,1,0,0,0,0,0,0,0,0,0,0,0,0,0,0,0,0,0,15,2867,0.523194977
1797,Adams,Federalist,0,0,0,0,8,8,0,0,0,0,0,0,0,0,0,0,0,0,0,0,5,0,0,1,0,0,0,0,0,0,0,0,0,0,0,0,0,0,0,0,0,0,0,0,0,0,0,0,22,2057,1.069518717
1798,Adams,Federalist,0,0,0,0,2,2,0,0,0,0,0,0,0,0,0,0,0,0,0,0,3,0,0,0,0,0,0,0,0,0,0,0,0,0,0,0,0,0,0,0,0,0,0,0,0,0,0,0,7,2218,0.315599639
1799,Adams,Federalist,0,0,0,0,3,3,0,0,0,0,0,0,0,0,0,0,0,0,0,0,2,0,0,0,0,0,0,0,2,0,1,0,0,0,0,0,0,0,0,0,0,0,0,0,0,0,0,0,11,1505,0.73089701
1800,Adams,Federalist,0,0,0,0,1,1,0,0,0,0,0,0,0,0,0,0,0,0,0,0,1,0,0,0,0,0,0,0,2,0,0,0,0,0,0,0,0,0,0,0,0,0,0,0,0,0,0,0,5,1372,0.364431487
1801,Jefferson,Democratic-  Republican,1,0,0,0,11,8,1,0,0,0,0,0,0,0,0,0,0,0,0,0,1,0,0,0,0,0,0,0,1,0,2,0,0,0,0,0,0,0,1,0,0,0,0,0,0,2,0,0,28,3224,0.868486352
1802,Jefferson,Democratic-  Republican,0,0,0,0,6,6,0,0,0,0,0,0,0,0,0,0,0,0,0,0,3,0,0,0,0,0,0,0,0,0,0,0,0,0,0,0,0,0,0,0,0,0,0,0,0,0,0,0,15,2201,0.681508405
1803,Jefferson,Democratic-  Republican,0,0,0,0,7,7,0,0,0,0,0,0,0,0,0,0,0,0,0,0,5,0,0,0,0,0,0,0,0,0,0,0,0,0,0,0,0,0,0,0,0,0,0,0,0,1,1,0,21,2279,0.921456779
1804,Jefferson,Democratic-  Republican,0,0,0,0,3,3,0,0,0,0,0,0,0,0,0,0,0,0,0,0,0,0,0,0,0,0,0,0,0,0,0,0,0,0,0,0,0,0,0,0,0,0,0,0,0,0,0,0,6,2101,0.285578296
1805,Jefferson,Democratic-  Republican,0,0,0,0,9,8,0,0,0,0,1,0,0,0,0,0,0,0,0,0,3,0,0,1,0,0,0,0,1,0,0,0,0,0,0,0,0,0,0,0,0,0,0,0,0,0,0,0,23,2943,0.78151546
1806,Jefferson,Democratic-  Republican,0,0,0,0,6,6,0,1,0,0,0,0,0,0,0,0,0,0,0,0,5,0,0,0,0,0,0,0,0,0,0,0,0,0,0,0,0,0,0,0,0,0,0,0,0,1,1,0,20,2868,0.69735007
1807,Jefferson,Democratic-  Republican,0,1,1,0,5,5,0,0,0,0,0,0,0,0,0,0,0,0,0,0,1,0,0,0,0,0,0,0,0,0,0,0,0,0,0,0,0,0,0,0,0,0,0,0,0,0,0,0,13,2394,0.543024227
1808,Jefferson,Democratic-  Republican,0,0,0,0,8,8,1,0,0,0,0,0,0,0,0,0,0,0,0,0,3,0,0,1,0,0,0,0,1,0,1,0,0,0,0,0,0,0,0,0,0,0,0,0,0,0,0,0,23,2688,0.855654762
1809,Madison,Democratic-  Republican,0,0,0,0,4,4,0,0,0,0,0,0,0,0,0,0,0,0,0,0,2,0,0,0,0,0,0,0,0,0,1,0,0,0,0,0,0,0,0,0,0,0,0,0,0,0,0,0,11,1831,0.60076461
1810,Madison,Democratic-  Republican,0,0,0,0,4,4,0,0,0,0,0,0,0,0,0,0,0,0,0,0,5,0,0,0,0,0,0,0,1,0,1,0,0,0,0,0,0,0,0,0,0,0,0,0,0,0,0,0,15,2446,0.613246116
1811,Madison,Democratic-  Republican,0,0,0,0,5,5,0,0,0,0,0,0,0,0,0,0,0,0,0,0,8,0,0,0,0,0,0,0,0,0,4,0,0,0,0,0,0,0,0,0,0,0,0,0,0,0,0,0,22,2275,0.967032967
1812,Madison,Democratic-  Republican,0,1,1,4,5,4,0,0,0,0,0,0,0,0,0,0,0,0,0,0,2,0,0,0,0,0,0,0,1,0,4,0,0,0,0,0,0,0,0,0,0,0,0,0,0,1,0,0,23,3242,0.709438618
1813,Madison,Democratic-  Republican,0,2,1,1,5,5,0,0,0,0,0,0,0,0,0,0,0,0,0,0,2,0,0,0,0,0,0,0,0,0,0,0,0,0,1,1,0,0,0,1,0,0,0,0,0,0,0,0,19,3258,0.583179865
1814,Madison,Democratic-  Republican,0,1,0,0,3,3,0,0,0,0,0,0,0,0,0,0,0,0,0,0,0,0,0,1,0,0,0,0,0,0,1,0,0,0,0,0,0,0,0,0,0,0,0,0,0,0,0,0,9,2114,0.425733207
1815,Madison,Democratic-  Republican,0,1,0,0,4,4,0,0,0,0,0,0,0,0,0,0,0,0,0,0,2,0,0,0,0,0,0,0,1,0,2,0,0,0,0,0,0,0,0,0,0,0,0,0,0,0,0,0,14,3154,0.443880786
1816,Madison,Democratic-  Republican,0,0,0,0,6,6,0,0,0,0,0,0,0,0,0,0,0,0,0,0,4,0,0,0,0,0,0,0,0,0,4,0,0,1,0,0,0,0,0,0,0,0,0,0,0,0,0,0,21,3367,0.623700624
1817,Monroe,Democratic-  Republican,1,2,0,0,8,8,0,0,0,0,0,0,0,0,0,0,0,0,3,0,0,0,0,0,0,0,0,0,1,0,1,0,0,2,1,1,0,0,0,0,0,0,0,0,0,0,0,0,28,4427,0.632482494
1818,Monroe,Democratic-  Republican,1,0,0,0,9,9,0,0,0,0,1,0,0,0,0,0,0,0,0,0,4,0,0,0,0,0,0,0,0,0,1,0,0,1,0,0,0,0,0,0,0,0,0,0,0,1,0,0,27,4377,0.616860864
1819,Monroe,Democratic-  Republican,0,2,0,0,7,7,0,0,0,0,0,0,0,0,0,0,0,0,0,0,2,0,0,0,0,0,0,0,2,0,5,0,0,1,0,0,0,0,0,0,0,0,0,0,0,0,0,0,26,4711,0.551899809
1820,Monroe,Democratic-  Republican,0,0,0,0,4,4,0,0,0,0,0,0,0,0,0,0,0,0,0,0,4,0,0,0,0,0,0,0,2,0,1,0,0,0,0,0,0,0,0,0,0,0,0,0,0,0,0,0,15,3441,0.435919791
1821,Monroe,Democratic-  Republican,0,0,0,0,7,7,0,0,0,2,0,0,0,0,0,0,0,0,0,0,11,0,0,0,0,0,0,0,2,0,4,0,0,1,0,0,0,0,0,0,0,0,0,0,0,0,0,0,34,5823,0.583891465
1822,Monroe,Democratic-  Republican,0,0,0,0,2,2,0,0,0,0,0,0,0,0,0,0,0,0,0,0,1,0,0,0,0,0,0,0,0,0,1,0,0,0,0,0,0,0,0,0,0,0,0,0,0,0,0,0,6,4734,0.126742712
1823,Monroe,Democratic-  Republican,0,1,0,0,8,8,0,0,0,2,0,0,0,0,0,0,0,0,0,0,1,0,0,0,0,0,0,1,2,0,2,0,0,2,0,0,0,0,0,0,0,0,0,0,0,0,0,0,27,6382,0.42306487
1824,Monroe,Democratic-  Republican,0,0,0,0,10,10,0,1,0,1,0,0,0,0,0,0,0,0,1,0,7,0,0,0,0,0,0,0,0,0,2,0,0,3,0,0,0,0,0,0,0,0,0,0,0,1,1,0,37,8418,0.439534331
1825,Adams,Democratic-  Republican,0,4,1,0,11,9,0,0,0,0,0,0,0,0,0,0,0,0,0,0,5,0,0,0,0,0,0,0,3,0,3,0,0,4,0,0,0,0,0,0,0,0,0,0,0,3,1,0,44,9003,0.48872598
1826,Adams,Democratic-  Republican,0,2,1,0,7,7,0,0,0,0,2,0,0,0,0,0,0,0,0,0,7,0,0,0,0,0,0,0,2,0,1,0,0,2,0,0,0,0,0,0,0,0,0,0,0,0,0,0,31,7748,0.400103252
1827,Adams,Democratic-  Republican,0,1,0,0,12,12,0,1,0,1,0,0,0,0,0,0,0,0,0,0,2,0,0,0,0,0,0,0,3,0,3,0,0,2,0,0,0,0,0,0,0,0,0,0,0,1,0,0,38,6987,0.543867182
1828,Adams,Democratic-  Republican,0,2,1,0,9,9,0,0,0,0,0,0,0,0,0,0,0,0,0,0,11,0,0,0,0,0,0,0,6,0,2,0,1,0,0,0,0,0,0,0,0,0,0,0,0,0,0,0,41,7313,0.560645426
1829,Jackson,Democratic,0,2,2,0,20,17,0,0,0,0,0,0,0,0,0,0,0,0,1,0,7,0,0,0,0,0,0,0,1,0,3,0,2,5,0,0,0,2,0,0,0,0,0,0,0,3,0,0,65,10523,0.617694574
1830,Jackson,Democratic,0,0,0,0,15,14,0,0,0,0,1,0,0,0,0,0,0,0,0,0,9,0,0,1,0,0,0,0,2,0,4,0,2,5,0,0,1,0,0,0,0,0,0,0,0,8,2,0,64,15072,0.42462845
1831,Jackson,Democratic,0,1,0,2,24,21,0,0,0,0,0,0,0,0,0,0,0,0,1,0,10,1,0,2,0,0,0,0,2,0,1,0,1,2,0,0,0,0,0,0,0,0,0,0,0,2,0,0,70,7189,0.973709834
1832,Jackson,Democratic,0,0,0,0,20,17,0,0,0,0,3,0,0,0,0,0,0,0,0,0,11,0,0,1,0,0,0,0,1,0,0,0,0,2,0,0,0,0,0,0,0,0,0,0,0,2,0,0,57,7875,0.723809524
1833,Jackson,Democratic,0,1,1,0,15,14,0,0,0,1,1,0,0,0,0,0,0,0,1,0,3,0,0,1,0,0,0,0,2,0,1,0,1,0,1,1,0,0,0,0,0,0,0,0,0,0,0,0,44,7901,0.556891533
1834,Jackson,Democratic,0,1,0,0,26,24,0,0,0,1,1,0,0,0,0,0,0,0,1,0,7,0,0,0,0,0,0,0,1,0,2,0,2,2,1,0,0,0,0,0,0,0,0,0,0,3,1,0,73,13446,0.54291239
1835,Jackson,Democratic,0,0,0,0,11,11,0,0,0,1,0,0,0,0,0,0,0,0,0,0,15,1,0,0,0,0,0,0,8,0,7,0,0,2,0,0,0,0,0,0,0,0,0,0,0,1,0,0,57,10809,0.527338329
1836,Jackson,Democratic,0,0,0,1,10,9,0,1,0,0,1,0,0,0,0,0,0,0,0,0,6,0,0,0,0,0,0,0,4,0,9,0,2,7,1,1,0,0,0,0,0,0,0,0,0,1,1,0,54,12355,0.437070012
1837,Buren,Democratic,0,2,1,0,15,13,0,0,0,1,0,0,0,0,0,0,0,0,2,0,6,0,0,0,0,0,0,0,4,0,2,0,9,3,0,0,0,0,0,0,0,0,0,0,0,1,1,0,60,11438,0.524567232
1838,Buren,Democratic,0,4,0,4,28,26,0,0,0,0,1,0,0,0,0,0,0,0,0,0,9,0,0,0,0,0,0,0,3,0,1,0,0,4,1,1,0,0,0,0,0,0,0,0,0,1,0,0,83,11478,0.723122495
1839,Buren,Democratic,1,1,0,2,18,17,0,1,0,0,1,0,0,0,0,0,0,0,0,0,26,2,0,0,0,0,0,0,5,0,4,0,1,5,2,2,0,0,0,0,0,0,0,0,0,5,1,0,94,13419,0.700499292
1840,Buren,Democratic,0,2,1,0,14,14,0,0,0,0,3,0,0,0,0,0,0,0,1,0,5,1,0,0,0,0,0,0,3,0,1,0,0,4,0,0,0,2,0,0,0,0,0,0,0,2,0,0,53,8979,0.590266177
1841,Tyler,"Whig   April 4, 1841  â€“  September 13, 1841",0,2,1,5,13,10,0,0,0,0,0,0,0,0,0,4,2,0,0,0,10,0,0,0,0,0,0,0,3,0,6,0,0,0,1,1,0,0,0,0,0,0,0,0,0,1,0,0,59,8240,0.716019417
1842,Tyler,"Whig   April 4, 1841  â€“  September 13, 1841",0,1,0,0,14,12,0,0,0,0,2,0,0,0,0,1,0,0,0,0,6,1,0,1,0,0,0,0,3,0,4,0,4,7,0,0,0,0,0,0,0,0,0,0,0,1,0,0,57,8401,0.678490656
1843,Tyler,"Whig   April 4, 1841  â€“  September 13, 1841",0,4,1,0,11,10,0,0,0,0,1,0,0,0,0,0,0,0,0,0,4,1,0,0,0,0,0,0,3,0,2,0,2,20,1,1,0,0,0,0,0,0,0,0,0,1,1,0,63,8026,0.784948916
1844,Tyler,"Whig   April 4, 1841  â€“  September 13, 1841",1,0,0,0,9,8,0,0,0,0,1,0,0,0,0,0,0,0,2,0,12,1,0,0,0,0,0,0,3,0,3,0,2,26,4,2,0,0,0,0,0,0,0,0,0,2,0,0,76,9309,0.816414223
1845,Polk,Democratic,0,3,3,1,30,26,0,0,0,1,2,0,0,0,0,0,0,0,1,0,21,0,0,0,0,0,0,0,8,1,5,0,15,41,2,2,0,0,0,0,0,0,0,0,0,1,0,0,163,16112,1.011668322
1846,Polk,Democratic,0,0,0,0,43,40,0,1,0,2,2,0,0,0,0,0,0,0,1,0,27,0,0,0,0,0,0,0,6,0,4,0,62,158,1,1,0,0,2,0,0,0,0,0,0,2,1,0,353,18221,1.937325064
1847,Polk,Democratic,0,4,2,0,35,33,0,5,0,0,6,0,0,0,0,0,0,0,0,0,31,1,0,0,0,0,0,0,6,0,3,0,36,107,2,2,0,0,0,0,0,0,0,0,0,5,2,0,280,16411,1.706172689
1848,Polk,Democratic,0,5,4,0,16,12,0,2,0,0,5,0,0,0,0,0,0,0,0,0,21,0,0,0,0,0,0,0,11,1,1,0,2,54,3,3,1,2,0,0,0,0,0,0,0,4,0,0,147,21290,0.690465007
1849,Taylor,Whig,2,1,0,0,12,11,0,5,0,2,1,0,0,0,0,0,0,0,0,0,9,1,0,0,0,0,0,0,3,0,1,0,4,15,1,1,0,0,0,0,0,0,0,0,0,2,0,0,71,7619,0.931880824
1850,Fillmore,Whig,1,2,0,1,15,11,0,1,0,0,0,0,0,0,0,0,0,0,0,0,13,0,0,1,0,0,0,1,3,2,1,0,3,11,0,0,0,0,0,0,0,0,0,0,0,2,1,0,69,8318,0.829526328
1851,Fillmore,Whig,3,2,0,1,17,14,0,2,0,10,0,0,0,0,0,0,0,1,0,0,25,2,0,1,0,0,0,0,9,0,3,0,8,17,0,0,0,0,0,0,0,0,0,0,0,0,0,0,115,13243,0.868383297
1852,Fillmore,Whig,1,2,1,0,15,14,0,2,0,5,0,1,0,0,0,0,0,0,1,0,26,6,0,0,0,0,0,0,4,0,6,0,3,11,1,1,0,0,0,0,0,0,0,0,0,2,1,0,103,9922,1.038097158
1853,Pierce,Democratic,2,0,0,0,13,12,0,1,0,5,1,0,0,0,0,1,1,0,1,0,8,0,0,0,0,0,0,0,2,0,1,0,1,5,0,0,0,0,0,0,0,0,0,0,0,2,1,0,57,9587,0.594555127
1854,Pierce,Democratic,0,1,0,1,18,17,0,4,0,0,0,1,0,0,0,0,0,0,0,0,21,2,0,0,0,0,0,0,2,0,2,0,4,5,3,2,0,0,0,0,0,0,0,0,0,3,1,0,87,10134,0.858496152
1855,Pierce,Democratic,0,0,0,1,18,16,0,0,0,2,0,1,0,0,0,1,1,0,0,0,13,2,0,1,0,0,0,0,7,0,0,0,2,7,0,0,0,1,0,0,0,0,0,0,0,4,0,0,77,11610,0.663221361
1856,Pierce,Democratic,0,1,0,0,30,29,0,5,0,1,2,0,0,0,0,0,0,0,1,0,12,0,0,0,0,0,0,0,4,0,4,0,0,5,0,0,0,0,0,0,0,0,0,0,0,1,0,0,95,10473,0.907094433
1857,Buchanan,Democratic,0,0,0,0,15,13,0,4,0,1,1,0,0,0,0,2,0,0,2,0,12,0,0,0,0,0,0,0,2,1,4,0,0,1,0,0,0,0,0,0,0,0,0,0,0,3,1,0,62,13651,0.454179181
1858,Buchanan,Democratic,0,4,1,0,42,38,0,1,0,15,0,0,0,0,0,1,1,0,0,0,14,3,0,0,1,1,0,0,1,1,0,0,10,16,3,2,0,0,0,0,0,0,0,0,0,1,0,0,156,16347,0.954303542
1859,Buchanan,Democratic,0,1,1,0,31,25,0,4,0,4,2,0,0,0,0,0,0,0,0,0,8,1,0,1,0,0,0,0,3,0,0,0,4,27,1,1,0,0,0,0,0,0,0,0,0,1,0,0,115,12336,0.932230869
1860,Buchanan,Democratic,0,0,0,0,36,33,0,0,0,7,2,0,0,0,0,0,0,0,0,0,14,0,0,0,0,0,0,0,2,0,3,0,3,12,1,0,0,0,0,3,0,0,0,0,0,1,0,0,117,14025,0.834224599
1861,Lincoln,Republican   ( National Union )   [i],0,0,0,0,10,10,0,2,0,0,0,0,0,0,0,0,0,0,1,0,9,0,0,0,0,0,0,1,31,5,0,0,0,1,0,0,0,0,0,0,0,0,0,0,0,0,0,0,70,6976,1.003440367
1862,Lincoln,Republican   ( National Union )   [i],0,1,1,0,8,8,0,3,1,0,1,4,3,0,1,0,0,0,2,0,16,1,0,0,0,0,0,0,21,5,3,0,0,1,1,1,0,0,0,0,0,0,0,0,0,2,0,0,84,8392,1.000953289
1863,Lincoln,Republican   ( National Union )   [i],0,1,1,0,16,15,0,1,0,1,1,0,0,0,0,0,0,0,0,0,14,5,0,0,0,0,0,1,6,1,0,0,0,4,1,1,0,0,2,3,0,0,0,0,0,1,0,0,75,6111,1.227295042
1864,Lincoln,Republican   ( National Union )   [i],1,3,0,2,4,4,0,1,0,0,1,0,0,0,0,0,0,0,0,0,4,0,0,0,3,3,0,1,2,0,1,0,0,1,3,3,0,0,0,0,0,0,0,0,0,0,0,0,37,5989,0.617799299
1865,Johnson,National Union   [i]   ( Democratic )   [j],0,1,0,0,12,10,0,1,0,0,0,0,0,0,0,0,0,0,2,0,8,0,0,0,0,0,0,0,12,0,0,0,0,2,3,1,0,0,0,0,0,0,0,0,0,2,0,0,54,9218,0.585810371
1866,Johnson,Democratic,0,0,0,2,11,10,0,0,0,0,0,0,0,0,0,0,0,0,4,0,10,1,0,0,0,0,0,0,1,0,1,0,0,10,0,0,0,0,2,1,0,0,0,0,0,0,0,0,53,7127,0.743650905
1867,Johnson,Democratic,0,0,0,0,12,9,1,0,0,0,0,0,0,0,0,0,0,0,0,0,6,1,0,0,0,0,0,0,4,1,6,0,0,1,1,1,0,0,2,2,0,0,0,0,0,2,0,0,49,11981,0.408980886
1868,Johnson,Democratic,3,0,0,0,13,12,1,1,0,2,1,0,0,0,0,0,0,0,0,0,10,0,0,0,0,0,0,0,4,1,7,0,2,6,0,0,0,0,0,3,0,0,0,0,0,0,0,0,66,9817,0.672303148
1869,Grant,Republican,0,1,1,1,15,9,1,0,0,8,1,0,0,0,0,1,0,0,0,0,2,0,0,1,0,0,0,0,8,0,2,0,0,0,2,0,0,0,0,1,0,0,0,0,0,2,0,0,56,7702,0.727083874
1870,Grant,Republican,0,5,2,8,16,14,0,1,0,7,0,0,0,0,0,0,0,0,0,0,15,3,0,1,0,0,0,0,11,2,1,0,1,1,0,0,0,0,1,0,0,0,0,0,0,2,1,0,92,8736,1.053113553
1871,Grant,Republican,0,0,0,0,17,17,0,0,0,5,1,0,0,0,0,0,0,0,0,0,7,0,0,0,2,2,0,1,6,2,3,0,0,2,2,2,0,0,1,0,0,1,0,0,0,1,1,0,73,6458,1.130380923
1872,Grant,Republican,0,2,0,0,11,11,0,0,0,5,2,0,0,0,0,0,0,0,0,0,5,1,0,0,0,0,0,0,4,0,3,0,1,3,0,0,0,0,2,0,0,0,0,0,0,0,0,0,50,3989,1.253446979
1873,Grant,Republican,0,0,0,1,20,18,1,1,0,9,0,0,0,0,0,0,0,0,0,0,10,1,0,3,0,0,0,1,5,0,5,0,0,2,0,0,0,0,2,1,0,0,0,0,0,0,0,0,80,10022,0.798243864
1874,Grant,Republican,0,0,0,0,28,23,6,0,0,1,0,0,0,0,0,0,0,0,0,0,14,1,0,2,1,1,0,0,16,1,1,0,1,4,1,1,0,0,8,2,0,0,0,0,0,1,0,0,113,9194,1.229062432
1875,Grant,Republican,0,0,0,0,29,27,5,0,0,11,3,0,0,0,0,0,0,0,2,0,14,2,0,0,0,0,0,0,2,1,5,0,3,5,1,0,0,0,7,7,0,0,0,0,0,4,1,0,129,12203,1.057117102
1876,Grant,Republican,0,0,0,0,22,19,3,0,0,6,0,0,0,0,0,0,0,0,1,0,17,2,0,0,1,1,0,0,12,0,2,0,2,6,4,3,0,0,6,3,0,0,0,0,0,1,0,0,111,6793,1.634035036
1877,Hayes,Republican,0,9,2,0,15,13,1,1,1,2,4,0,0,0,0,0,0,0,1,0,8,0,0,0,0,0,0,0,4,0,1,0,6,7,1,1,0,0,1,1,0,0,0,0,0,0,0,0,79,8017,0.985406012
1878,Hayes,Republican,0,3,1,0,18,14,1,1,0,1,1,0,0,0,0,0,0,0,0,0,5,0,0,0,0,0,0,0,5,0,2,0,2,3,0,0,0,0,0,0,0,0,0,0,0,0,0,0,57,7881,0.72325847
1879,Hayes,Republican,0,4,0,0,28,22,2,3,1,1,0,0,0,0,0,0,0,0,1,0,7,0,0,0,0,0,0,0,12,0,1,0,2,4,1,1,0,0,1,1,0,0,0,0,0,1,0,0,93,11632,0.799518569
1880,Hayes,Republican,0,2,0,0,19,15,3,3,1,0,2,0,0,0,0,0,0,0,0,0,10,0,0,0,1,1,0,2,5,0,2,0,1,4,1,1,0,0,1,2,0,0,0,0,0,0,0,0,76,6697,1.134836494
1881,Arthur,Republican,0,1,0,0,7,6,0,4,0,0,2,0,0,0,0,0,0,0,2,0,6,0,0,0,0,0,0,1,1,0,1,0,1,3,0,0,0,0,0,1,0,0,0,0,0,1,0,0,37,3822,0.96807954
1882,Arthur,Republican,0,2,2,0,8,7,0,3,1,0,2,0,0,0,0,0,0,0,0,0,6,0,0,0,1,1,0,2,3,2,1,0,0,4,1,1,0,0,1,0,0,0,0,0,0,0,0,0,48,3067,1.565047277
1883,Arthur,Republican,0,0,0,1,14,13,0,1,1,3,3,1,1,0,0,0,0,0,0,0,9,2,0,1,1,1,0,1,1,0,0,0,3,7,2,2,0,0,1,0,0,0,0,0,0,0,0,0,69,3784,1.82346723
1884,Arthur,Republican,0,1,1,0,17,16,3,2,0,3,2,0,0,0,0,0,0,0,0,0,19,2,0,0,1,1,0,1,5,0,2,0,2,2,1,1,0,0,6,1,0,0,0,0,0,1,0,0,90,8947,1.005923773
1885,Cleveland,Democratic,0,1,1,2,43,35,11,6,0,1,7,0,0,0,0,0,0,0,0,0,20,1,0,0,0,0,0,3,14,3,16,0,0,10,0,0,0,0,6,2,0,0,0,0,0,1,0,0,183,19746,0.926769979
1886,Cleveland,Democratic,0,0,0,1,42,30,9,3,1,1,7,0,0,0,0,0,0,0,1,0,16,2,0,1,0,0,0,0,21,0,12,0,8,12,0,0,0,0,2,4,0,0,0,0,0,0,0,0,173,15135,1.14304592
1887,Cleveland,Democratic,0,0,0,0,5,3,0,0,0,0,2,0,0,0,0,0,0,0,0,0,3,0,0,0,0,0,0,0,11,2,3,0,0,0,0,0,0,1,0,0,0,0,0,0,0,0,0,0,30,5289,0.567214974
1888,Cleveland,Democratic,0,2,1,3,31,24,8,0,0,0,2,0,0,0,0,0,0,0,0,0,9,1,0,1,0,0,0,1,7,1,7,0,1,2,0,0,0,1,3,0,0,0,0,0,0,0,0,0,105,9020,1.164079823
1889,Harrison,Republican,0,5,4,2,14,12,4,1,0,1,5,0,0,0,0,0,0,0,1,0,6,0,0,0,0,0,0,1,8,0,7,0,1,1,0,0,0,0,2,3,0,0,0,0,0,5,1,0,84,13001,0.646104146
1890,Harrison,Republican,0,0,0,0,13,10,1,1,0,1,7,0,0,0,0,0,0,0,0,0,13,0,0,0,0,0,0,0,3,1,7,0,3,4,0,0,0,1,3,0,0,0,0,0,0,1,0,0,69,11522,0.598854366
1891,Harrison,Republican,4,3,1,7,17,13,2,1,0,0,0,0,0,0,0,3,3,0,0,0,19,4,0,0,0,0,0,2,22,10,8,0,1,5,0,0,0,1,0,0,0,0,0,1,1,3,1,0,132,16292,0.810213602
1892,Harrison,Republican,0,2,0,12,15,14,3,2,0,2,4,0,0,0,0,0,0,0,0,0,19,0,0,0,1,1,0,2,7,0,8,0,2,1,1,1,0,0,0,0,0,0,0,0,0,0,0,0,97,13678,0.709168007
1893,Cleveland,Democratic,2,1,1,1,19,16,1,0,0,2,2,3,2,0,1,0,0,0,0,0,10,0,0,1,1,1,0,1,10,4,2,0,1,2,1,1,0,0,2,2,0,0,0,0,0,0,0,0,90,12283,0.73272002
1894,Cleveland,Democratic,2,1,0,1,16,12,2,1,0,1,5,0,0,0,0,1,0,0,1,0,17,2,0,0,0,0,0,0,9,0,14,0,0,2,0,0,0,0,0,3,0,0,0,0,0,1,1,0,92,15892,0.578907626
1895,Cleveland,Democratic,0,0,0,1,21,18,0,0,0,5,3,1,0,0,1,1,1,0,0,0,20,2,0,0,1,1,0,1,7,2,6,0,0,4,1,1,0,0,0,0,0,0,0,1,1,1,1,0,102,14671,0.695249131
1896,Cleveland,Democratic,0,0,0,0,16,14,4,1,0,18,2,0,0,0,0,0,0,2,0,0,10,0,0,0,5,5,0,3,6,0,6,0,1,0,5,5,0,0,0,1,0,0,0,2,2,1,1,1,111,15443,0.718772259
1897,McKinley,Republican,0,2,2,1,20,17,3,0,0,46,0,0,0,0,0,0,0,0,0,0,8,0,0,1,0,0,0,1,3,1,4,0,0,0,0,0,0,0,0,0,0,0,0,0,0,0,0,0,109,12110,0.900082576
1898,McKinley,Republican,1,3,0,2,12,11,1,11,0,51,4,0,0,0,0,0,0,0,0,0,6,0,0,0,1,1,0,0,8,0,5,0,5,7,1,1,0,0,0,1,0,0,0,0,0,3,1,0,136,20208,0.673000792
1899,McKinley,Republican,0,1,0,3,22,17,2,3,0,26,6,0,0,0,0,0,0,0,0,0,23,1,0,0,0,0,0,0,14,0,3,0,2,8,0,0,0,0,3,3,0,0,0,0,0,3,0,0,140,15133,0.925130509
1900,McKinley,Republican,0,1,1,0,13,12,2,0,0,14,6,0,0,0,0,0,0,0,0,0,46,9,0,0,0,0,0,0,10,0,7,0,1,4,0,0,0,0,0,1,0,0,0,0,0,3,1,0,131,19134,0.684645134
1901,Roosevelt,Republican,0,0,0,0,13,10,0,2,0,8,1,1,0,0,1,0,0,0,0,0,23,3,0,1,3,1,0,4,17,3,2,0,1,5,3,1,0,0,0,0,0,0,0,0,0,0,0,0,103,19595,0.525644297
1902,Roosevelt,Democratic,0,1,1,0,1,1,1,0,0,8,0,0,0,0,0,0,0,0,0,0,11,1,0,0,0,0,0,1,11,0,2,0,0,1,0,0,0,0,0,0,0,0,0,0,0,1,1,0,42,9756,0.430504305
1903,Roosevelt,Republican,0,3,0,0,19,18,5,17,3,0,4,0,0,0,0,0,0,0,0,0,20,3,0,0,5,5,0,3,20,1,4,0,0,5,5,5,0,0,5,1,0,0,0,0,0,0,0,0,151,14876,1.015057811
1904,Roosevelt,Democratic,0,2,2,0,27,22,9,1,0,5,1,0,0,0,0,0,0,0,0,0,13,0,0,0,1,1,0,2,35,1,4,0,0,0,1,1,0,0,20,0,1,0,0,0,0,2,1,0,152,17406,0.873262094
1905,Roosevelt,Democratic,0,0,0,1,31,24,13,1,0,2,6,0,0,0,0,0,0,0,0,0,34,1,0,2,17,17,0,15,33,6,2,0,0,2,17,17,0,0,6,1,0,0,0,0,0,3,2,0,253,25033,1.010665921
1906,Roosevelt,Republican,0,1,0,1,28,23,4,5,0,15,1,0,0,0,0,0,0,0,0,0,8,2,0,1,1,1,0,1,29,0,2,0,1,5,1,1,0,0,1,0,0,0,0,0,0,1,0,0,133,23575,0.564156946
1907,Roosevelt,Democratic,0,1,1,3,18,15,2,1,0,4,5,0,0,0,0,0,0,0,0,0,16,0,0,2,0,0,0,0,36,0,6,0,2,10,0,0,0,1,0,0,0,0,0,0,0,2,1,0,126,27382,0.460156307
1908,Roosevelt,Democratic,0,0,0,0,10,10,3,3,0,4,1,0,0,0,0,0,0,0,0,0,7,0,0,0,0,0,0,0,34,1,8,0,0,1,0,0,1,1,0,0,0,0,0,0,0,2,1,0,87,19383,0.448846928
1909,Taft,Republican,0,1,0,4,9,8,0,2,0,2,8,0,0,0,0,0,0,0,0,0,19,1,0,0,0,0,0,2,8,1,5,0,1,2,0,0,0,0,0,0,0,0,0,0,0,2,0,0,75,13889,0.53999568
1910,Taft,Republican,0,0,0,7,7,5,0,0,0,1,0,0,0,0,0,0,0,0,0,0,18,0,0,1,0,0,0,0,1,0,8,0,3,2,0,0,0,0,0,0,0,0,0,0,0,1,0,0,54,6763,0.798462221
1911,Taft,Republican,0,15,0,0,10,9,0,6,0,1,3,0,0,0,0,0,0,0,0,0,51,0,0,5,0,0,0,3,16,2,8,0,19,20,0,0,0,0,2,0,0,0,0,1,1,2,0,0,174,23704,0.734053324
1912,Taft,Republican,0,2,1,3,27,19,5,2,0,5,8,0,0,0,0,0,0,0,0,0,75,3,0,0,0,0,0,0,9,0,8,0,4,6,0,0,0,1,0,0,1,0,0,0,0,4,1,0,184,25150,0.731610338
1913,Wilson,Democratic,0,0,0,0,4,4,0,0,0,0,0,0,0,0,0,0,0,0,0,0,0,0,0,0,0,0,0,0,2,0,1,0,0,6,0,0,0,0,0,0,0,0,0,0,0,0,0,0,17,3552,0.478603604
1914,Wilson,Democratic,0,0,0,0,2,0,0,0,0,0,0,0,0,0,0,0,0,0,0,0,0,0,0,0,0,0,0,0,1,0,0,0,0,0,0,0,0,0,0,0,0,0,0,0,0,0,0,0,3,4533,0.066181337
1915,Wilson,Democratic,0,4,4,0,8,7,1,1,0,0,0,0,0,0,0,0,0,0,0,0,5,0,0,0,0,0,0,0,1,0,0,0,0,4,0,0,0,0,1,0,0,0,0,0,0,2,1,0,39,7686,0.507416081
1916,Wilson,Democratic,0,0,0,0,0,0,0,0,0,0,0,0,0,0,0,0,0,0,0,0,1,0,0,0,0,0,0,0,3,0,2,0,0,0,0,0,0,0,0,0,0,0,0,0,0,0,0,0,6,2117,0.283419934
1917,Wilson,Democratic,0,0,0,0,0,0,0,0,0,0,0,0,0,0,0,0,0,0,0,0,2,0,0,0,0,0,0,0,0,0,1,0,0,0,0,0,0,0,0,0,0,0,0,0,0,0,0,0,3,3913,0.076667519
1918,Wilson,Democratic,0,0,0,0,0,0,0,2,0,0,0,0,0,0,0,0,0,0,0,0,0,0,0,0,0,0,0,0,9,1,0,0,0,0,0,0,0,0,0,0,0,0,0,0,0,0,0,0,12,5465,0.21957914
1919,Wilson,Democratic,0,0,0,0,0,0,0,0,0,0,0,0,0,0,0,0,0,0,0,0,6,0,0,0,0,0,0,0,18,0,1,0,0,0,0,0,1,1,0,0,0,0,0,0,0,0,0,0,27,4755,0.567823344
1920,Wilson,Democratic,0,1,1,0,0,0,0,0,0,0,0,0,0,0,0,0,0,0,0,0,0,0,0,0,0,0,0,0,1,0,1,0,0,0,0,0,0,0,0,0,0,0,0,0,0,0,0,0,4,2705,0.147874307
1921,Harding,Republican,0,0,0,0,4,1,0,0,0,0,0,0,0,0,0,0,0,0,0,0,1,0,0,0,0,0,0,0,15,1,3,0,0,0,0,0,0,0,0,0,0,0,0,0,0,0,0,0,25,5604,0.446109921
1922,Harding,Republican,0,0,0,0,5,4,2,0,0,0,1,0,0,0,0,0,0,0,0,0,1,0,0,0,2,1,0,2,13,0,3,0,0,0,2,1,0,0,0,0,0,0,0,0,0,1,0,0,38,5744,0.661559889
1923,Coolidge,Republican,0,0,0,1,13,11,3,1,0,0,0,0,0,0,0,0,0,0,0,0,12,0,0,0,0,0,0,3,6,0,3,0,0,1,0,0,0,0,1,0,0,0,0,0,0,1,0,0,56,6701,0.835696165
1924,Coolidge,Republican,0,0,0,1,3,3,1,1,0,0,0,0,0,0,0,0,0,0,0,0,9,0,0,0,0,0,0,1,5,0,3,0,0,0,0,0,0,0,0,0,0,0,0,0,0,2,0,0,29,6964,0.416427341
1925,Coolidge,Republican,0,1,1,1,5,5,1,0,0,0,4,0,0,0,0,0,0,0,0,0,8,0,0,2,0,0,0,4,5,0,1,0,0,0,0,0,0,0,0,0,0,0,0,0,0,0,0,0,38,10843,0.350456516
1926,Coolidge,Republican,0,1,1,0,6,6,0,0,0,0,3,0,0,0,0,0,0,0,0,0,9,1,0,0,0,0,0,2,4,0,2,0,0,0,0,0,0,0,0,0,0,0,0,0,0,0,0,0,35,10308,0.339542103
1927,Coolidge,Republican,0,0,0,3,9,9,2,2,0,4,1,0,0,0,0,0,0,0,0,0,4,0,0,1,1,1,0,1,6,0,3,0,0,3,1,1,0,0,0,0,0,0,0,0,0,1,0,0,53,8777,0.603850974
1928,Coolidge,Republican,0,1,1,1,7,6,0,2,0,8,0,0,0,0,0,0,0,0,0,0,12,1,0,0,0,0,0,3,2,0,0,0,0,3,0,0,0,0,1,0,0,0,0,0,0,0,0,0,48,8060,0.595533499
1929,Hoover,Republican,0,1,0,2,9,6,2,0,0,1,0,0,0,0,0,0,0,0,0,0,14,0,0,0,2,1,0,2,4,0,4,0,2,4,2,1,0,0,0,0,0,0,0,0,0,2,1,0,60,10993,0.545801874
1930,Hoover,Republican,0,3,1,0,3,3,0,3,0,0,0,2,2,0,0,0,0,0,0,0,5,0,0,0,1,1,0,3,3,0,0,0,0,1,1,1,0,0,0,0,0,0,0,0,0,0,0,0,33,4546,0.72591289
1931,Hoover,Republican,0,0,0,1,4,4,0,1,0,0,0,2,2,0,0,0,0,0,0,0,8,0,0,0,0,0,0,4,0,0,0,0,0,0,0,0,0,0,0,0,0,0,0,0,0,0,0,0,26,5686,0.457263454
1932,Hoover,Republican,0,0,0,1,1,1,0,0,0,0,0,0,0,0,0,0,0,0,0,0,2,0,0,0,0,0,0,0,0,0,0,0,0,0,0,0,0,0,0,0,0,0,0,0,0,0,0,0,5,4210,0.118764846
1934,Roosevelt,Republican,0,0,0,0,3,3,0,0,0,0,0,0,0,0,0,0,0,0,0,0,1,0,0,1,0,0,0,0,5,0,0,0,0,0,0,0,0,0,0,0,0,0,0,0,0,0,0,0,13,2223,0.584795322
1935,Roosevelt,Republican,0,1,1,0,1,1,0,1,1,0,0,0,0,0,0,0,0,0,0,0,0,0,0,0,0,0,0,0,2,0,0,0,0,0,0,0,0,0,0,0,0,0,0,0,0,0,0,0,8,3515,0.227596017
1936,Roosevelt,Democratic,0,2,2,1,2,2,0,0,0,0,0,0,0,0,0,0,0,0,0,0,0,0,0,0,0,0,0,0,4,0,0,0,0,0,0,0,0,2,0,0,0,0,0,0,0,0,0,0,15,3810,0.393700787
1937,Roosevelt,Democratic,0,0,0,0,2,2,0,0,0,0,0,0,0,0,0,0,0,0,0,0,0,0,0,0,0,0,0,0,3,0,0,0,0,0,0,0,0,0,0,0,0,0,0,0,0,0,0,0,7,2730,0.256410256
1938,Roosevelt,Democratic,0,0,0,0,6,6,4,0,0,0,0,0,0,0,0,0,0,0,0,0,1,0,0,0,0,0,0,0,10,0,1,0,0,0,0,0,0,2,0,0,0,0,0,0,0,0,0,0,30,4677,0.641436818
1939,Roosevelt,Republican,0,0,0,0,1,1,1,1,0,0,0,0,0,0,0,0,0,0,0,0,1,0,0,0,0,0,0,0,11,0,0,0,0,0,0,0,0,0,0,0,0,0,0,0,0,0,0,0,16,3736,0.428265525
1940,Roosevelt,Democratic,0,0,0,0,3,3,1,0,0,0,0,0,0,0,0,0,0,0,0,0,3,0,0,0,0,0,0,0,1,0,0,0,0,0,0,0,0,0,0,0,0,0,0,0,0,0,0,0,11,3170,0.347003155
1941,Roosevelt,Republican,0,1,1,0,2,2,0,2,0,0,0,0,0,0,0,0,0,0,0,0,4,0,0,0,0,0,0,0,2,0,2,0,0,1,0,0,0,0,0,0,0,0,0,0,0,0,0,0,17,3288,0.51703163
1942,Roosevelt,Republican,0,0,0,0,1,1,0,1,0,0,0,0,0,0,0,0,0,0,0,0,0,0,0,1,0,0,0,0,2,0,0,0,0,0,0,0,0,0,0,0,1,0,0,0,0,0,0,0,7,3470,0.201729107
1943,Roosevelt,Republican,0,0,0,0,1,0,0,1,0,0,0,0,0,0,0,0,0,0,0,0,0,0,0,0,0,0,0,0,3,0,0,0,0,0,0,0,0,0,0,0,0,0,0,0,0,0,0,0,5,4533,0.110302228
1944,Roosevelt,Democratic,0,0,0,1,6,4,1,0,0,0,0,0,0,0,0,0,0,0,0,0,1,0,0,0,0,0,0,0,2,0,0,0,0,0,0,0,0,1,0,0,0,0,0,0,0,2,0,0,18,3755,0.479360852
1945,Roosevelt,Democratic,0,0,0,0,3,2,1,4,0,0,0,0,0,0,0,0,0,0,0,0,1,0,0,0,0,0,0,0,6,0,0,0,0,0,0,0,0,0,0,0,0,0,0,0,0,1,0,0,18,8124,0.221565731
1946,Truman,Democratic,0,0,0,0,7,5,0,1,1,0,2,0,0,0,0,0,0,0,0,0,24,0,0,0,0,0,0,1,35,0,3,0,0,2,0,0,0,0,0,0,0,0,0,2,2,3,0,0,88,27722,0.317437414
1947,Truman,Democratic,0,0,0,0,5,4,0,0,0,0,0,0,0,0,0,0,0,0,0,0,3,0,0,0,0,0,0,0,31,0,1,0,0,0,0,0,0,2,0,0,1,0,0,1,1,0,0,0,49,6033,0.812199569
1948,Truman,Democratic,0,0,0,0,10,9,0,0,0,0,0,0,0,0,0,0,0,0,0,0,2,0,0,0,0,0,0,0,7,0,0,0,0,0,0,0,0,0,0,0,0,0,0,1,1,0,0,0,30,5091,0.589275192
1949,Truman,Democratic,0,1,1,0,6,4,0,0,0,0,0,0,0,0,0,0,0,0,0,0,6,0,0,0,0,0,0,0,4,0,1,0,0,0,0,0,0,0,0,0,0,0,0,0,0,0,0,0,23,3397,0.677068001
1950,Truman,Democratic,0,1,1,0,8,7,0,0,0,0,0,0,0,0,0,0,0,0,0,0,3,0,0,0,0,0,0,0,7,0,0,0,0,0,0,0,0,0,0,0,0,0,0,0,0,0,0,0,27,5126,0.526726492
1951,Truman,Democratic,0,1,1,0,4,4,0,0,0,0,0,0,0,0,0,0,0,0,0,0,0,0,0,0,0,0,0,0,2,0,1,0,0,0,0,0,0,0,0,0,0,0,0,0,0,0,0,0,13,3988,0.325977934
1952,Truman,Democratic,0,0,0,0,2,2,0,1,0,0,0,0,0,0,0,0,0,0,0,0,3,0,0,0,0,0,0,0,4,0,0,0,0,0,0,0,1,0,0,0,0,0,0,0,0,0,0,0,13,5334,0.243719535
1953,Truman,Democratic,0,3,2,0,11,7,0,2,0,0,1,0,0,0,0,0,0,0,0,0,4,0,0,0,0,0,0,0,3,0,0,0,0,0,0,0,0,0,0,0,0,0,0,0,0,0,0,0,33,9599,0.343785811
1954,Eisenhower,Republican,0,0,0,2,17,10,2,0,0,0,0,0,0,0,0,0,0,0,0,0,10,0,0,0,0,0,0,0,4,0,1,0,0,0,0,0,0,0,0,0,1,0,0,0,0,1,1,0,49,5974,0.820220957
1955,Eisenhower,Republican,0,0,0,0,23,17,1,1,0,0,1,1,1,0,0,1,1,0,0,0,6,0,0,0,0,0,0,2,6,0,1,0,0,0,0,0,0,0,1,0,0,0,0,0,0,3,0,0,66,7234,0.912358308
1956,Eisenhower,Republican,0,0,0,1,8,7,0,0,0,0,2,0,0,0,0,0,0,0,0,0,5,0,0,0,5,5,0,3,10,0,1,0,0,0,5,5,0,0,0,0,0,0,0,1,0,0,0,0,58,8245,0.70345664
1957,Eisenhower,Republican,1,0,0,0,6,6,0,0,0,0,0,0,0,0,0,0,0,0,0,0,3,0,0,0,0,0,0,1,5,0,1,0,0,0,0,0,0,0,0,0,0,0,0,1,1,0,0,0,25,4129,0.60547348
1958,Eisenhower,Republican,0,0,0,0,0,0,0,1,0,0,0,0,0,0,0,0,0,0,0,0,3,0,0,0,0,0,0,0,1,0,3,0,0,0,0,0,0,0,0,0,0,0,0,0,0,2,0,0,10,4911,0.203624516
1959,Eisenhower,Republican,0,0,0,0,6,5,0,0,0,0,0,0,0,0,0,0,0,0,0,0,1,0,0,0,0,0,0,0,4,0,2,0,0,0,0,0,0,0,0,0,1,0,0,0,0,0,0,0,19,4869,0.390223865
1960,Eisenhower,Republican,0,0,0,0,4,3,0,0,0,0,0,1,0,0,0,0,0,0,0,0,2,0,0,0,0,0,0,0,7,0,0,0,0,0,0,0,0,0,0,0,1,0,0,0,0,0,0,0,18,5628,0.319829424
1961,Eisenhower,Republican,0,0,0,1,3,1,0,0,0,3,0,0,0,0,0,0,0,0,0,0,4,0,0,0,0,0,0,3,3,0,0,0,0,0,0,0,0,0,1,0,0,0,0,1,1,0,0,0,21,6188,0.339366516
1962,Kennedy,Democratic,0,0,0,0,7,5,0,8,0,0,0,0,0,0,0,0,0,0,0,0,6,0,0,0,0,0,0,0,5,0,6,0,0,0,0,0,0,0,0,0,0,0,0,0,0,1,0,0,38,6436,0.590428838
1963,Kennedy,Democratic,0,3,1,0,6,5,0,0,0,6,0,0,0,0,0,0,0,0,0,0,2,0,0,0,0,0,0,0,3,0,4,0,0,0,0,0,0,0,0,0,0,0,0,0,0,0,0,0,30,5326,0.563274502
1964,Johnson,Democratic,0,2,1,0,5,4,0,3,0,1,0,0,0,0,0,0,0,0,0,0,1,0,0,0,1,1,0,0,0,0,1,0,0,0,2,1,0,0,0,0,1,0,0,0,0,0,0,0,24,3187,0.753059303
1965,Johnson,National Union   [i]   ( Democratic )   [j],0,0,0,0,3,1,0,0,0,0,0,0,0,0,0,0,0,0,0,0,0,0,0,0,0,0,0,1,6,0,3,0,0,0,0,0,0,0,0,0,0,0,0,0,0,0,0,0,14,4394,0.318616295
1966,Johnson,National Union   [i]   ( Democratic )   [j],0,1,1,0,2,2,0,2,0,2,0,0,0,0,0,0,0,0,0,0,3,0,0,0,0,0,0,0,5,0,3,0,0,0,0,0,0,0,0,0,1,0,0,0,0,0,0,0,22,5255,0.418648906
1967,Johnson,Democratic,0,0,0,0,6,4,0,1,0,0,0,0,0,0,0,0,0,0,0,0,2,0,0,0,0,0,0,0,5,0,4,0,0,0,0,0,0,0,0,0,1,0,0,0,0,0,0,0,23,7111,0.323442554
1968,Johnson,Democratic,0,1,1,0,2,1,0,1,0,1,0,0,0,0,0,0,0,0,0,0,0,0,0,0,0,0,0,0,4,0,2,0,0,0,0,0,0,0,0,0,0,0,0,0,0,0,0,0,13,4855,0.267765191
1969,Johnson,National Union   [i]   ( Democratic )   [j],0,0,0,0,2,2,0,1,0,0,0,0,0,0,0,0,0,0,0,0,0,0,0,0,0,0,0,0,0,0,0,0,0,0,0,0,0,1,0,0,1,0,0,0,0,0,0,0,7,4107,0.170440711
1970,Nixon,Republican,0,0,0,0,0,0,0,0,0,0,0,0,0,0,0,0,0,0,0,0,2,0,0,0,0,0,0,0,0,0,2,0,0,0,0,0,0,0,0,0,0,0,0,0,0,3,0,0,7,4455,0.157126824
1971,Nixon,Republican,0,0,0,0,0,0,0,3,0,0,0,0,0,0,0,0,0,0,0,0,2,0,0,0,0,0,0,0,1,0,1,0,1,0,0,0,0,0,0,0,0,0,0,0,0,3,0,0,11,4475,0.245810056
1972,Nixon,Republican,0,0,0,1,0,0,0,0,0,0,0,0,0,0,0,0,0,0,0,0,4,0,0,0,0,0,0,0,2,0,0,0,0,0,0,0,1,0,0,0,0,0,0,0,0,0,0,0,8,3967,0.201663726
1973,Nixon,Republican,0,0,0,0,0,0,0,1,0,0,0,0,0,0,0,0,0,0,0,0,4,0,0,0,0,0,0,0,1,0,0,0,0,0,0,0,0,0,0,0,0,0,0,0,0,0,0,0,6,1655,0.362537764
1974,Nixon,Republican,0,0,0,0,2,2,0,2,0,0,0,0,0,0,0,0,0,0,0,0,0,0,0,0,0,0,0,0,1,0,1,0,0,0,0,0,0,0,0,0,0,0,0,0,0,0,0,0,8,5154,0.155219247
1975,Ford,Republican,0,0,0,0,0,0,0,0,0,0,0,0,0,0,0,0,0,0,0,0,8,0,0,0,0,0,0,0,0,0,0,0,0,0,0,0,0,0,0,0,0,0,0,0,0,1,0,0,9,4103,0.219351694
1976,Ford,Republican,0,0,0,0,8,4,0,2,1,0,0,0,0,0,0,0,0,0,0,0,7,0,0,0,0,0,0,0,1,0,1,0,0,1,0,0,0,0,0,0,0,0,0,0,0,3,0,0,28,4951,0.565542315
1977,Ford,Republican,0,0,0,1,6,4,0,0,0,0,0,0,0,0,0,0,0,0,0,0,8,0,0,0,0,0,0,0,1,0,1,0,0,0,0,0,0,1,0,0,1,0,0,0,0,0,0,0,23,4640,0.495689655
1978,Carter,Democratic,0,0,0,0,4,3,0,1,0,0,0,0,0,0,0,0,0,0,0,0,11,0,1,1,0,0,0,0,2,0,2,0,0,0,0,0,1,0,0,0,0,0,0,0,0,2,0,0,28,4580,0.611353712
1979,Carter,Democratic,0,0,0,0,2,2,0,1,0,0,0,0,0,0,0,0,0,0,0,0,1,0,0,0,0,0,0,0,2,0,1,0,0,0,0,0,0,0,0,0,1,1,0,0,0,0,0,0,11,3243,0.339192106
1980,Carter,Democratic,0,1,1,0,3,2,0,0,0,1,0,0,0,0,0,0,0,0,0,0,4,0,0,0,0,0,0,0,1,0,0,0,0,0,0,0,0,1,0,0,0,0,0,0,0,0,0,0,14,3396,0.412249706
1981,Carter,Democratic,2,3,1,0,25,22,0,8,0,8,0,0,0,0,0,0,0,2,0,1,29,0,2,4,1,1,0,8,10,0,11,0,3,8,1,1,7,14,0,0,1,0,0,29,14,3,0,0,219,33564,0.652484805
1982,Reagan,Republican,0,0,0,0,4,4,0,0,0,1,0,0,0,0,0,0,0,0,0,0,5,0,0,0,0,0,0,0,0,0,1,0,0,0,0,0,0,1,0,0,0,0,0,0,0,0,0,0,16,5195,0.30798845
1983,Reagan,Republican,0,0,0,0,3,3,0,1,0,0,0,0,0,0,0,0,0,0,0,0,4,0,0,0,0,0,0,0,5,0,2,0,0,0,0,0,0,0,0,0,0,0,0,0,0,0,0,0,18,5572,0.32304379
1984,Reagan,Republican,0,0,0,1,4,2,0,5,0,2,0,0,0,0,0,0,0,0,0,0,0,0,0,0,0,0,0,0,0,0,0,0,0,0,0,0,0,2,0,0,0,0,0,1,0,0,0,0,17,4973,0.341845968
1985,Reagan,Republican,0,0,0,0,5,4,0,0,0,1,0,0,0,0,0,0,0,0,0,0,1,0,1,0,0,0,0,0,0,0,1,0,0,0,0,0,1,0,0,0,0,0,0,0,0,0,0,0,14,4250,0.329411765
1986,Reagan,Republican,0,0,0,0,2,2,0,0,0,0,0,0,0,0,0,0,0,0,0,0,1,0,0,0,0,0,0,0,0,0,0,0,0,0,0,0,0,0,0,0,0,0,0,0,0,0,0,0,5,3507,0.142571999
1987,Reagan,Republican,0,1,1,1,3,3,0,2,0,1,0,0,0,0,0,0,0,0,0,0,2,0,0,0,0,0,0,0,1,0,2,0,0,0,0,0,0,0,0,0,0,0,0,0,0,0,0,0,17,3803,0.447015514
1988,Reagan,Republican,0,3,2,1,0,0,0,2,0,0,0,0,0,0,0,0,0,0,0,0,0,0,0,0,0,0,0,0,0,0,1,0,0,1,0,0,0,1,0,0,0,0,0,0,0,0,0,0,11,4855,0.226570546
1989,Bush,Republican,0,1,1,2,2,2,0,2,0,0,1,0,0,0,0,0,0,0,0,0,2,0,0,1,0,0,0,0,0,0,0,0,0,0,0,0,0,0,0,0,0,0,0,0,0,0,0,0,14,4821,0.290396183
1990,Bush,Republican,0,0,0,0,3,2,0,4,0,0,0,0,0,0,0,0,0,0,0,0,0,0,0,0,1,0,0,0,0,0,0,0,0,0,1,0,0,0,0,0,0,1,0,0,0,0,0,0,12,3770,0.318302387
1991,Bush,Republican,0,0,0,0,3,2,0,0,0,0,0,0,0,0,0,0,0,0,0,0,0,0,0,0,0,0,0,0,1,0,1,0,1,0,0,0,0,0,0,0,0,1,0,0,0,0,0,0,9,3765,0.239043825
1992,Bush,Republican,0,0,0,0,1,1,0,1,0,0,0,0,0,0,0,0,0,0,0,0,0,0,0,0,0,0,0,0,0,0,0,0,0,0,0,0,0,0,0,0,0,0,1,0,0,0,0,0,4,4718,0.084781687
1993,Clinton,Democratic,0,0,0,0,1,1,0,4,0,0,0,0,0,0,0,0,0,0,0,1,3,0,0,0,0,0,0,0,1,0,0,0,0,0,0,0,0,0,0,0,0,0,0,0,0,0,0,0,11,7007,0.156985871
1994,Clinton,Democratic,0,1,1,1,2,2,0,3,0,0,0,0,0,0,0,0,0,0,0,1,1,0,0,0,0,0,0,0,0,0,0,0,0,0,0,0,0,1,0,0,0,0,0,0,0,2,0,0,15,7400,0.202702703
1995,Clinton,Democratic,0,5,4,0,22,22,4,3,0,0,0,2,1,0,0,0,0,0,0,0,2,0,0,6,3,3,0,2,0,0,3,0,1,4,3,3,0,2,0,0,0,0,0,0,0,0,0,0,95,9143,1.039046265
1996,Clinton,Democratic,0,3,2,0,11,10,2,6,0,0,0,0,0,0,0,0,0,0,0,1,1,0,0,3,4,3,0,1,0,0,0,0,0,0,4,3,0,0,0,0,0,0,0,2,2,1,1,0,60,6283,0.954957823
1997,Clinton,Democratic,0,0,0,0,11,7,1,7,0,0,0,0,0,0,0,0,0,0,0,1,1,0,0,1,4,4,0,0,1,0,2,0,0,3,4,4,0,0,0,0,1,0,0,0,0,0,0,0,52,6742,0.771284485
1998,Clinton,Democratic,0,2,1,0,9,5,0,8,0,0,0,0,0,0,0,0,0,0,0,0,1,0,0,1,2,2,0,0,3,0,2,0,0,0,2,2,0,0,0,0,0,0,0,0,0,0,0,0,40,7283,0.549224221
1999,Clinton,Democratic,0,0,0,0,3,1,0,6,0,1,0,0,0,0,0,0,0,0,0,0,1,0,0,1,2,2,0,0,3,0,0,0,0,0,2,2,0,1,0,0,3,0,0,0,0,0,0,0,28,7472,0.374732334
2000,Clinton,Democratic,0,1,1,0,7,4,0,3,0,0,0,0,0,0,0,0,0,0,0,2,2,0,1,1,1,1,0,0,1,0,0,0,0,0,1,1,0,0,0,0,3,0,0,0,0,0,0,0,30,7387,0.406118857
2001,Bush,Republican,0,0,0,0,5,5,0,1,0,0,0,0,0,0,0,0,0,0,0,0,0,0,0,0,0,0,0,0,0,0,0,0,0,0,0,0,0,0,0,0,1,1,0,0,0,0,0,0,13,4395,0.295790671
2002,Bush,Republican,0,3,1,0,9,9,0,1,0,0,0,0,0,0,0,0,0,0,0,0,1,0,0,1,0,0,0,0,0,0,1,0,0,0,0,0,1,0,0,0,0,0,0,0,0,0,0,0,27,3824,0.706066946
2003,Bush,Republican,0,1,1,0,10,9,0,4,0,0,0,0,0,0,0,0,0,0,0,0,1,0,0,2,0,0,0,0,2,0,1,0,0,0,0,0,0,0,0,0,0,0,0,1,1,0,0,0,33,5372,0.614296351
2004,Bush,Republican,0,2,1,0,6,6,1,3,0,0,0,0,0,0,0,0,0,0,0,0,3,0,0,3,0,0,0,2,1,0,0,0,0,0,0,0,0,0,0,0,0,0,0,0,0,0,0,0,28,5171,0.541481338
2005,Bush,Republican,0,3,0,0,7,6,0,3,0,0,0,0,0,0,0,1,1,0,0,0,1,0,0,0,0,0,0,2,0,0,0,0,0,0,0,0,1,1,0,0,0,0,0,0,0,0,0,0,26,5049,0.514953456
2006,Bush,Republican,0,4,2,0,9,9,0,2,0,0,0,0,0,0,0,0,0,0,0,0,0,0,0,0,1,1,0,2,0,0,1,0,0,0,1,1,1,0,0,0,0,0,0,1,0,0,0,0,35,5321,0.657771096
2007,Bush,Republican,0,7,2,0,11,9,0,4,0,1,0,0,0,0,0,0,0,0,0,0,4,0,0,1,1,1,0,4,0,0,2,0,0,0,1,1,0,1,0,0,0,0,0,0,0,0,0,0,50,5598,0.893176134
2008,Bush,Republican,0,5,1,1,10,10,0,8,1,1,0,0,0,0,0,0,0,0,0,0,3,0,1,3,0,0,0,3,0,0,0,0,0,1,0,0,0,0,0,0,0,0,0,0,0,0,0,0,48,5752,0.83449235
2009,Obama,Democratic,0,1,1,0,3,2,0,5,0,0,0,0,0,0,0,0,0,0,0,0,0,0,0,0,0,0,0,0,1,0,1,0,0,0,0,0,0,0,0,0,0,0,0,0,0,0,0,0,14,5940,0.235690236
2010,Obama,Democratic,0,2,2,0,6,6,0,6,0,0,0,0,0,0,0,0,0,0,0,0,2,0,0,0,1,1,0,1,2,0,1,0,0,0,1,1,0,0,0,0,0,0,0,0,0,0,0,0,32,7106,0.45032367
2011,Obama,Democratic,0,4,3,0,3,3,0,6,0,0,0,1,1,0,0,0,0,2,0,0,1,0,0,1,1,1,0,1,3,0,3,1,0,0,1,1,0,0,0,0,0,0,0,0,0,1,0,2,40,6940,0.576368876
2012,Obama,Democratic,0,2,1,0,6,6,1,4,2,0,0,1,1,0,0,0,0,0,0,0,3,0,0,2,0,0,0,2,0,0,1,1,0,0,0,0,0,0,0,0,0,0,0,0,0,1,1,0,35,6987,0.500930299
2013,Obama,Democratic,0,2,0,0,9,9,1,6,1,0,0,0,0,0,0,0,0,0,0,0,2,0,0,1,1,1,0,3,2,0,0,0,0,1,1,1,0,0,0,0,0,0,0,0,0,0,0,0,41,6467,0.633987939
2014,Obama,Democratic,0,0,0,0,6,5,4,5,0,0,0,0,0,0,0,1,0,0,0,0,3,0,0,0,0,0,0,3,1,0,0,0,0,0,0,0,0,0,0,0,0,0,0,0,0,0,0,0,28,6778,0.41310121
2015,Obama,Democratic,0,1,1,0,2,1,0,4,0,5,1,0,0,0,0,0,0,0,0,1,3,0,0,0,2,1,0,2,0,0,1,1,0,0,2,1,1,0,0,0,0,0,0,0,0,1,0,0,31,6727,0.460829493
2016,Obama,Democratic,0,0,0,0,7,4,1,1,0,2,0,0,0,0,0,0,0,0,0,1,4,0,0,0,4,2,0,1,0,0,4,1,0,0,4,2,0,0,0,0,0,0,0,1,1,0,0,0,40,5438,0.735564546
2017,Trump,Republican,0,6,4,2,11,11,0,11,0,0,0,1,1,1,0,0,0,0,0,0,6,0,0,2,3,0,0,8,1,0,1,1,0,0,3,0,0,0,0,0,0,0,0,0,0,0,0,0,73,5036,1.449563145
2018,Trump,Republican,0,5,1,0,10,8,1,4,0,1,0,0,0,0,0,2,0,0,0,0,1,0,1,1,3,1,0,8,1,0,1,0,0,2,3,1,0,0,0,0,0,0,0,0,0,0,0,0,55,5190,1.05973025
