year,president,party,afghanistan,afraid,army,battle,combat,conflict,cyber,cybersecurity,enemies,enemy,fear,fears,fight,fights,force,fought,genocide,iran,iraq,isis,israel,jihad,korea,marine,marines,militant,military,missile,missiles,navy,nuclear,proxy,qaeda,russia,soldier,soldiers,soviet,struggle,taliban,terror,terrorism,terrorist,terrorists,threat,threaten,threatens,threats,trench,trenches,troop,troops,ussr,vietnam,war,warfare,wars,wartime,war_total,speech_total,percent_war
1790,Washington,Nonpartisan   [13],0,0,0,0,0,0,0,0,0,0,0,0,0,0,0,0,0,0,0,0,0,0,0,0,0,0,0,0,0,0,0,0,0,0,0,0,0,0,0,0,0,0,0,0,0,0,0,0,0,0,0,0,0,0,0,0,0,0,0,0
1791,Washington,Nonpartisan   [13],0,0,0,0,0,0,0,0,0,0,0,0,0,0,0,0,0,0,0,0,0,0,0,0,0,0,0,0,0,0,0,0,0,0,0,0,0,0,0,0,0,0,0,0,0,0,0,0,0,0,0,0,0,4,0,0,0,4,2303,0.173686496
1792,Washington,Nonpartisan   [13],0,0,0,0,0,0,0,0,0,0,0,0,0,0,0,0,0,0,0,0,0,0,0,0,0,0,0,0,0,0,0,0,0,0,0,0,0,0,0,0,0,0,0,1,1,0,0,0,0,2,2,0,0,9,0,0,0,15,2098,0.714966635
1793,Washington,Nonpartisan   [13],0,0,0,0,0,0,0,0,0,0,0,0,0,0,2,0,0,0,0,0,0,0,0,0,0,0,6,0,0,0,0,0,0,0,0,0,0,0,0,0,0,0,0,0,0,0,0,0,0,2,2,0,0,9,0,0,0,21,1965,1.06870229
1794,Washington,Nonpartisan   [13],0,0,4,0,0,0,0,0,1,0,1,0,0,0,5,0,0,0,0,1,0,0,0,0,0,0,2,0,0,0,0,0,0,0,1,1,0,0,0,0,0,0,0,1,0,0,1,0,0,0,0,0,0,6,0,0,0,24,2915,0.823327616
1795,Washington,Nonpartisan   [13],0,0,2,0,0,0,0,0,0,0,0,0,0,0,4,0,0,0,0,0,0,0,0,0,0,0,3,0,0,0,0,0,0,0,0,0,0,0,0,0,0,0,0,1,1,0,0,0,0,0,0,0,0,6,0,0,0,17,1986,0.855991944
1796,Washington,Nonpartisan   [13],0,0,0,0,0,0,0,0,0,0,0,0,0,0,6,0,0,0,0,0,0,0,0,0,0,0,5,0,0,1,0,0,0,0,0,0,0,0,0,0,0,0,0,0,0,0,0,0,0,2,2,0,0,13,0,1,0,30,2867,1.046389955
1797,Adams,Federalist,0,0,0,0,0,0,0,0,0,0,0,0,0,0,2,0,0,0,0,0,0,0,0,0,0,0,1,0,0,0,0,0,0,0,0,0,0,0,0,0,0,0,0,0,0,0,0,0,0,1,1,0,0,8,0,0,0,13,2057,0.631988333
1798,Adams,Federalist,0,0,0,0,0,0,0,0,0,0,1,0,0,0,2,0,0,0,0,0,0,0,0,0,0,0,1,0,0,1,0,0,0,0,0,0,0,0,0,0,0,0,0,0,0,0,0,0,0,2,2,0,0,10,0,0,0,19,2218,0.856627592
1799,Adams,Federalist,0,0,0,0,0,0,0,0,0,0,0,0,0,0,2,0,0,0,0,0,0,0,0,0,0,0,1,0,0,0,0,0,0,0,0,0,0,0,0,0,0,0,0,0,0,0,0,1,0,1,1,0,0,3,0,0,0,9,1505,0.598006645
1800,Adams,Federalist,0,0,1,0,0,0,0,0,0,0,0,0,0,0,0,0,0,0,0,0,0,0,0,0,0,0,0,0,0,3,0,0,0,1,1,1,0,0,0,0,0,0,0,0,0,0,0,0,0,0,0,0,0,2,0,0,0,9,1372,0.655976676
1801,Jefferson,Democratic-  Republican,0,0,2,0,0,0,0,0,0,2,0,0,0,0,6,0,0,0,0,0,0,0,0,0,0,0,2,0,0,1,0,0,0,0,0,0,0,0,0,0,0,0,0,2,2,1,0,0,0,0,0,0,0,12,0,3,0,33,3224,1.023573201
1802,Jefferson,Democratic-  Republican,0,0,0,0,0,0,0,0,0,0,0,0,0,0,4,0,0,0,0,0,0,0,0,0,0,0,1,0,0,3,0,0,0,0,0,0,0,0,0,0,0,0,0,0,0,0,0,0,0,1,1,0,0,9,1,0,0,20,2201,0.908677874
1803,Jefferson,Democratic-  Republican,0,0,0,0,0,1,0,0,0,0,0,0,0,0,2,0,0,0,0,0,0,0,0,0,0,0,0,0,0,0,0,0,0,0,0,0,0,0,0,0,0,0,0,1,1,1,0,0,0,0,0,0,0,8,0,1,0,15,2279,0.658183414
1804,Jefferson,Democratic-  Republican,0,0,0,0,0,0,0,0,0,0,0,0,0,0,7,0,0,0,0,0,0,0,0,0,0,0,2,0,0,0,0,0,0,0,0,0,0,0,0,0,0,0,0,0,0,0,0,0,0,0,0,0,0,15,0,0,0,24,2101,1.142313184
1805,Jefferson,Democratic-  Republican,0,0,0,0,0,1,0,0,1,2,1,1,0,0,5,0,0,0,0,0,0,0,0,0,0,0,0,0,0,0,0,0,0,0,1,1,0,0,0,0,0,0,0,1,1,1,0,0,0,2,2,0,0,12,1,0,0,33,2943,1.121304791
1806,Jefferson,Democratic-  Republican,0,0,0,0,0,0,0,0,0,1,0,0,0,0,10,0,0,0,0,0,0,0,0,0,0,0,1,0,0,0,0,0,0,0,0,0,0,0,0,0,0,0,0,0,0,0,0,0,0,1,1,0,0,14,0,0,0,28,2868,0.976290098
1807,Jefferson,Democratic-  Republican,0,0,3,0,0,0,0,0,0,0,0,0,0,0,4,0,0,0,0,0,0,0,0,0,0,0,2,0,0,1,0,0,0,0,0,0,0,0,0,0,0,0,0,6,6,0,0,0,0,0,0,0,0,5,0,0,0,27,2394,1.127819549
1808,Jefferson,Democratic-  Republican,0,0,0,0,0,0,0,0,0,2,0,0,0,0,2,0,0,0,0,2,0,0,0,1,0,0,1,0,0,0,0,0,0,0,0,0,0,0,0,0,0,0,0,0,0,0,0,0,0,0,0,0,0,5,0,0,0,13,2688,0.483630952
1809,Madison,Democratic-  Republican,0,0,0,0,0,0,0,0,0,0,0,0,0,0,1,0,0,0,0,0,0,0,0,0,0,0,1,0,0,1,0,0,0,0,0,0,0,0,0,0,0,0,0,0,0,0,0,0,0,0,0,0,0,9,0,0,0,12,1831,0.655379574
1810,Madison,Democratic-  Republican,0,0,1,0,0,0,0,0,0,0,0,0,0,0,4,0,0,0,0,0,0,0,0,0,0,0,4,0,0,1,0,0,0,0,0,0,0,0,0,0,0,0,0,0,0,0,0,0,0,0,0,0,0,12,0,1,0,23,2446,0.940310711
1811,Madison,Democratic-  Republican,0,0,0,0,0,0,0,0,0,1,0,0,0,0,4,0,0,0,0,2,0,0,0,1,0,0,2,0,0,0,0,0,0,1,0,0,0,0,0,0,0,0,0,0,0,0,0,0,0,1,1,0,0,11,0,0,0,24,2275,1.054945055
1812,Madison,Democratic-  Republican,0,0,2,0,0,0,0,0,0,13,0,0,0,0,10,0,0,0,0,0,0,0,0,1,0,0,3,0,0,0,0,0,0,1,3,2,0,1,0,0,0,0,0,0,0,0,0,0,0,4,4,0,0,24,0,0,0,68,3242,2.097470697
1813,Madison,Democratic-  Republican,0,0,3,3,0,1,0,0,1,15,1,1,1,0,8,1,0,0,0,0,0,0,0,0,0,0,4,0,0,0,0,0,0,0,2,1,0,1,0,0,0,0,0,1,1,1,0,0,0,2,2,0,0,34,2,1,0,87,3258,2.670349908
1814,Madison,Democratic-  Republican,0,0,1,0,0,0,0,0,0,14,0,0,0,0,8,0,0,0,0,0,0,0,0,0,0,0,1,0,0,0,0,0,0,1,1,0,0,1,0,0,0,0,0,1,0,0,1,0,0,2,2,0,0,17,4,0,0,54,2114,2.554399243
1815,Madison,Democratic-  Republican,0,0,3,0,0,0,0,0,0,1,0,0,0,0,5,0,0,0,0,0,0,0,0,0,0,0,7,0,0,2,0,0,0,0,0,0,0,0,0,0,0,0,0,0,0,0,0,0,0,2,2,0,0,14,0,0,0,36,3154,1.141407736
1816,Madison,Democratic-  Republican,0,0,0,0,0,0,0,0,0,0,0,0,0,0,4,0,0,0,0,0,0,0,0,0,0,0,2,0,0,0,0,0,0,0,0,0,0,0,0,0,0,0,0,2,2,0,0,0,0,0,0,0,0,11,1,2,0,24,3367,0.712800713
1817,Monroe,Democratic-  Republican,0,0,2,0,0,2,0,0,0,0,0,0,0,0,10,0,0,0,0,0,0,0,0,0,0,0,2,0,0,2,0,0,0,0,1,1,0,0,0,1,0,0,0,0,0,0,0,0,0,0,0,0,0,13,0,1,0,35,4427,0.790603117
1818,Monroe,Democratic-  Republican,0,0,0,0,0,1,0,0,0,2,0,0,0,0,10,0,0,0,0,0,0,0,0,0,0,0,0,0,0,1,0,0,0,1,0,0,0,0,0,0,0,0,0,0,0,0,0,0,0,0,0,0,0,15,1,0,0,31,4377,0.708247658
1819,Monroe,Democratic-  Republican,0,0,0,0,0,1,0,0,0,0,0,0,0,0,3,0,0,0,0,0,0,0,0,0,0,0,0,0,0,1,0,0,0,1,0,0,0,0,0,0,0,0,0,0,0,0,0,0,0,1,1,0,0,6,0,0,0,14,4711,0.29717682
1820,Monroe,Democratic-  Republican,0,0,1,0,0,1,0,0,0,1,1,0,0,0,2,0,0,0,0,0,0,0,0,0,0,0,3,0,0,2,0,0,0,1,0,0,0,0,0,0,0,0,0,0,0,0,0,0,0,1,1,0,0,16,0,2,0,32,3441,0.92996222
1821,Monroe,Democratic-  Republican,0,0,0,0,0,0,0,0,0,0,0,0,0,0,6,0,0,0,0,0,0,0,0,0,0,0,2,0,0,3,0,0,0,3,0,0,0,1,0,0,0,0,0,0,0,0,0,0,0,1,1,0,0,2,0,0,0,19,5823,0.326292289
1822,Monroe,Democratic-  Republican,0,0,3,0,0,0,0,0,0,0,0,0,0,0,6,0,0,0,0,0,0,0,0,0,0,0,8,0,0,2,0,0,0,2,0,0,0,0,0,0,0,0,0,0,0,0,0,0,0,1,1,0,0,20,0,2,0,45,4734,0.950570342
1823,Monroe,Democratic-  Republican,0,0,3,0,0,0,0,0,0,1,0,0,0,0,6,0,0,0,0,0,0,0,0,0,0,0,3,0,0,4,0,0,0,3,0,0,0,1,0,0,0,0,0,2,2,0,0,0,0,1,1,0,0,23,0,4,0,54,6382,0.84612974
1824,Monroe,Democratic-  Republican,0,0,2,0,0,0,0,0,0,0,0,0,0,0,10,1,0,0,0,1,0,0,0,0,0,0,10,0,0,5,0,0,0,5,1,1,0,4,0,0,0,0,0,0,0,0,0,0,0,0,0,0,0,38,0,10,0,88,8418,1.04537895
1825,Adams,Democratic-  Republican,0,0,2,0,0,2,0,0,0,0,0,0,0,0,13,0,0,0,0,0,0,0,0,2,0,0,11,0,0,8,0,0,0,3,0,0,0,1,0,0,0,0,0,0,0,0,0,0,0,1,1,0,0,26,1,1,0,72,9003,0.799733422
1826,Adams,Democratic-  Republican,0,0,6,1,0,1,0,0,0,0,0,0,0,0,9,0,0,0,0,0,0,0,0,0,0,0,5,0,0,9,0,0,0,2,1,1,0,0,0,0,0,0,0,1,0,0,0,1,0,0,0,0,0,30,0,1,0,68,7748,0.877645844
1827,Adams,Democratic-  Republican,0,0,3,0,0,3,0,0,0,1,1,0,0,0,4,0,0,0,0,0,0,0,0,1,0,0,2,0,0,6,0,0,0,1,0,0,0,2,0,0,0,0,0,0,0,0,0,1,0,1,1,0,0,25,0,1,0,53,6987,0.758551596
1828,Adams,Democratic-  Republican,0,0,3,0,0,4,0,0,0,0,0,0,0,0,2,0,0,0,0,0,0,0,0,2,0,0,3,0,0,8,0,0,0,7,0,0,0,0,0,0,0,0,0,0,0,0,0,0,0,1,1,0,0,25,0,4,0,60,7313,0.820456721
1829,Jackson,Democratic,0,0,4,0,0,2,0,0,0,0,0,0,0,0,6,0,0,1,0,0,0,0,0,2,0,0,4,0,0,8,0,0,0,2,2,1,0,0,0,0,0,0,0,0,0,0,0,1,0,1,1,0,0,25,1,0,0,61,10523,0.5796826
1830,Jackson,Democratic,0,0,1,0,0,2,0,0,1,0,6,1,0,0,4,0,0,1,0,0,0,0,0,0,0,0,0,0,0,3,0,0,0,2,0,0,0,1,0,1,0,0,0,2,2,0,0,0,0,0,0,0,0,14,1,0,0,42,15072,0.27866242
1831,Jackson,Democratic,0,1,0,0,0,1,0,0,0,0,1,0,0,0,7,0,0,0,0,1,0,0,0,0,0,0,0,0,0,1,0,0,0,2,0,0,0,0,0,0,0,0,0,1,1,0,0,0,0,1,1,0,0,12,0,1,0,31,7189,0.431214355
1832,Jackson,Democratic,0,0,2,0,0,1,0,0,0,0,1,0,0,0,5,0,0,0,0,0,0,0,0,0,0,0,1,0,0,3,0,0,0,1,0,0,0,1,0,1,0,0,0,1,1,1,0,0,0,2,2,0,0,23,1,3,0,50,7875,0.634920635
1833,Jackson,Democratic,0,0,2,0,0,1,0,0,0,0,1,1,0,0,5,0,0,0,0,0,0,0,0,0,0,0,2,0,0,3,0,0,0,1,0,0,0,2,0,0,0,0,0,0,0,0,0,0,0,0,0,0,0,17,0,2,0,37,7901,0.468295153
1834,Jackson,Democratic,0,0,3,0,0,4,0,0,0,3,4,1,0,0,8,0,0,0,0,0,0,0,0,0,0,0,3,0,0,5,0,0,0,2,0,0,0,1,0,0,0,0,0,1,1,0,0,1,0,1,1,0,0,15,1,0,0,55,13446,0.409043582
1835,Jackson,Democratic,0,0,2,0,0,0,0,0,0,0,5,2,0,0,5,0,0,0,0,0,0,0,0,0,0,0,4,0,0,2,0,0,0,2,0,0,0,1,0,0,0,0,0,0,0,0,0,0,0,0,0,0,0,15,0,0,0,38,10809,0.351558886
1836,Jackson,Democratic,0,0,5,0,0,2,0,0,0,2,3,0,0,0,11,0,0,0,0,2,0,0,0,1,0,0,4,0,0,5,0,0,0,2,1,1,0,4,0,0,0,0,0,1,1,0,0,0,0,6,6,0,0,21,0,0,0,78,12355,0.631323351
1837,Buren,Democratic,0,0,9,0,0,5,0,0,0,0,1,0,0,0,10,0,0,0,0,0,0,0,0,0,0,0,4,0,0,5,0,0,0,2,0,0,0,0,0,0,0,0,0,0,0,0,0,0,0,1,1,0,0,23,0,1,0,62,11438,0.542052806
1838,Buren,Democratic,0,0,3,0,0,3,0,0,0,0,0,0,0,0,10,0,0,0,0,1,0,0,0,0,0,0,8,0,0,2,0,0,0,8,0,0,0,1,0,0,0,0,0,1,1,1,0,0,0,1,1,0,0,29,1,0,0,71,11478,0.618574665
1839,Buren,Democratic,0,0,0,0,0,0,0,0,0,0,4,0,0,0,11,0,0,0,0,1,0,0,0,0,0,0,0,0,0,5,0,0,0,3,0,0,0,2,0,0,0,0,0,0,0,0,0,1,0,1,1,0,0,27,0,0,0,56,13419,0.417318727
1840,Buren,Democratic,0,0,5,0,0,1,0,0,0,2,1,0,0,0,6,0,0,0,0,2,0,0,0,1,0,0,1,0,0,2,0,0,0,2,2,2,0,1,0,0,0,0,0,1,1,0,0,1,0,6,6,0,0,8,0,0,0,51,8979,0.567991981
1841,Tyler,"Whig   April 4, 1841  â€“  September 13, 1841",0,0,0,0,0,3,0,0,0,0,1,0,0,0,8,0,0,0,0,0,0,0,0,1,0,0,1,0,0,4,0,0,0,0,0,0,0,0,0,0,0,0,0,0,0,0,0,0,0,1,1,0,0,10,0,0,0,30,8240,0.36407767
1842,Tyler,"Whig   April 4, 1841  â€“  September 13, 1841",0,0,1,0,0,2,0,0,0,1,1,0,0,0,6,0,0,0,0,0,0,0,0,1,0,0,4,0,0,2,0,0,0,0,0,0,0,0,0,0,0,0,0,5,5,0,0,0,0,1,1,0,0,24,0,1,0,55,8401,0.654683966
1843,Tyler,"Whig   April 4, 1841  â€“  September 13, 1841",0,0,1,1,1,2,0,0,0,0,2,0,0,0,7,0,0,0,0,0,0,0,0,0,0,0,3,0,0,3,0,0,0,1,0,0,0,1,0,0,0,0,0,2,2,0,0,1,0,0,0,0,0,27,2,2,0,58,8026,0.722651383
1844,Tyler,"Whig   April 4, 1841  â€“  September 13, 1841",0,0,1,1,0,3,0,0,0,0,0,0,0,0,3,0,0,0,0,0,0,0,0,1,0,0,1,0,0,6,0,0,0,2,1,0,0,1,0,0,0,0,0,7,5,0,1,0,0,1,1,0,0,27,1,0,0,63,9309,0.676764422
1845,Polk,Democratic,0,0,10,0,0,1,0,0,0,1,0,0,0,0,22,0,0,0,0,0,0,0,0,0,0,0,5,0,0,8,0,0,0,6,1,1,0,1,0,0,0,0,0,2,2,0,0,0,0,3,3,0,0,35,0,1,0,102,16112,0.63306852
1846,Polk,Democratic,0,0,29,3,0,1,0,0,0,9,0,0,1,0,22,2,0,0,0,0,0,0,0,0,0,0,17,0,0,5,0,0,0,0,5,4,0,3,0,0,0,0,0,6,4,0,2,0,0,3,3,0,0,89,1,0,0,209,18221,1.147028154
1847,Polk,Democratic,0,0,40,1,0,1,0,0,0,27,1,0,0,0,37,0,0,0,0,0,0,0,0,1,0,0,30,0,0,14,0,0,0,0,4,4,0,1,0,0,0,0,0,2,2,0,0,1,0,8,8,0,0,116,3,1,0,302,16411,1.840229115
1848,Polk,Democratic,0,0,22,5,0,4,0,0,1,5,2,0,0,0,18,2,0,0,0,0,0,0,0,4,1,0,13,0,0,19,0,0,0,2,6,6,0,3,0,0,0,0,0,2,2,1,0,0,0,4,4,0,0,85,0,0,0,211,21290,0.991075622
1849,Taylor,Whig,0,0,3,0,0,3,0,0,0,0,0,0,0,0,2,0,0,0,0,0,0,0,0,0,0,0,5,0,0,7,0,0,0,5,1,0,0,0,0,0,0,0,0,1,1,0,0,0,0,0,0,0,0,16,0,3,0,47,7619,0.616878855
1850,Fillmore,Whig,0,0,3,0,0,2,0,0,0,0,0,0,0,0,6,0,0,0,0,0,0,0,0,0,0,0,4,0,0,8,0,0,0,0,1,1,0,1,0,1,0,0,0,0,0,0,0,0,0,0,0,0,0,12,0,3,0,42,8318,0.504929069
1851,Fillmore,Whig,0,0,4,0,0,3,0,0,0,0,1,0,0,0,13,0,0,0,0,0,0,0,0,1,0,0,12,0,0,12,0,0,0,0,0,0,0,1,0,0,0,0,0,1,1,0,0,0,0,7,7,0,0,25,1,1,0,90,13243,0.679604319
1852,Fillmore,Whig,0,0,3,1,0,1,0,0,0,0,2,0,1,0,6,1,0,0,0,0,0,0,0,2,0,0,3,0,0,13,0,0,0,0,0,0,0,1,0,0,0,0,0,0,0,0,0,0,0,0,0,0,0,22,0,3,0,59,9922,0.594638178
1853,Pierce,Democratic,0,0,2,0,0,1,0,0,0,0,0,0,0,0,5,0,0,0,0,0,0,0,0,1,0,0,3,0,0,5,0,0,0,0,1,1,0,2,0,0,0,0,0,2,2,1,0,0,0,0,0,0,0,22,0,0,0,48,9587,0.500678001
1854,Pierce,Democratic,0,0,9,0,1,2,0,0,1,4,4,0,1,0,20,0,0,0,0,0,0,0,0,5,0,0,9,1,0,7,0,0,0,2,0,0,0,1,0,0,0,0,0,1,1,0,0,0,0,4,4,0,0,32,0,0,0,109,10134,1.075587132
1855,Pierce,Democratic,0,0,3,1,0,0,0,0,2,0,1,1,0,0,12,0,0,0,0,1,0,0,0,2,0,0,8,0,0,3,0,0,0,3,3,2,0,2,0,0,0,0,0,1,0,0,0,0,0,8,8,0,0,31,0,3,0,95,11610,0.818260121
1856,Pierce,Democratic,0,0,3,1,0,5,0,0,3,1,0,0,0,0,14,0,0,0,0,0,0,0,0,1,0,0,5,0,0,4,0,0,0,4,1,1,0,0,0,0,0,0,0,2,2,0,0,0,0,1,1,0,0,18,0,0,0,67,10473,0.639740285
1857,Buchanan,Democratic,0,0,3,0,0,2,0,0,1,2,0,0,0,0,10,0,0,0,0,3,0,0,0,0,0,0,10,0,0,6,0,0,0,1,0,0,0,1,0,0,0,0,0,1,1,0,0,0,0,3,3,0,0,30,0,1,0,78,13651,0.571386712
1858,Buchanan,Democratic,0,0,5,0,0,1,0,0,0,0,0,0,0,0,26,0,0,0,0,2,0,0,0,0,0,0,7,0,0,6,0,0,0,2,0,0,0,0,0,0,0,0,0,4,3,0,1,0,0,7,7,0,0,34,0,2,0,107,16347,0.654554352
1859,Buchanan,Democratic,0,0,6,0,0,3,0,0,0,2,0,0,0,0,28,0,0,0,0,1,0,0,0,0,0,0,7,0,0,7,0,0,0,2,0,0,0,2,0,0,0,0,0,5,5,0,0,2,0,3,3,0,0,40,0,1,0,117,12336,0.94844358
1860,Buchanan,Democratic,0,0,5,2,0,4,0,0,0,0,4,2,1,0,19,0,0,0,0,0,0,0,0,0,0,0,7,0,0,3,0,0,0,3,1,1,0,1,0,0,0,0,0,3,3,0,0,1,0,1,1,0,0,41,0,0,0,103,14025,0.734402852
1861,Lincoln,Republican   ( National Union )   [i],0,0,9,0,0,2,0,0,0,1,0,0,0,0,8,0,0,0,0,0,0,0,0,0,0,0,6,0,0,4,0,0,0,0,2,1,0,3,0,0,0,0,0,0,0,0,0,0,0,3,3,0,0,17,0,0,0,59,6976,0.845756881
1862,Lincoln,Republican   ( National Union )   [i],0,0,0,0,0,0,0,0,1,0,0,0,2,0,9,0,0,0,0,0,0,0,0,0,0,0,3,0,0,2,0,0,0,4,0,0,0,4,0,0,0,0,0,0,0,0,0,0,0,1,1,0,0,26,0,0,0,53,8392,0.631553861
1863,Lincoln,Republican   ( National Union )   [i],0,0,5,0,0,3,0,0,0,0,1,0,0,0,6,0,0,0,0,3,0,0,0,0,0,0,9,0,0,14,0,0,0,1,2,2,0,1,0,0,0,0,0,2,2,0,0,0,0,1,1,0,0,22,1,1,0,77,6111,1.26002291
1864,Lincoln,Republican   ( National Union )   [i],0,0,4,2,0,0,0,0,1,1,0,0,1,0,4,1,0,0,0,1,0,0,0,0,0,0,5,0,0,11,0,0,0,2,5,5,0,0,0,0,0,0,0,1,1,0,0,0,0,0,0,0,0,36,0,1,0,82,5989,1.369176824
1865,Johnson,National Union   [i]   ( Democratic )   [j],0,0,4,0,0,3,0,0,0,0,1,1,0,0,12,0,0,0,0,0,0,0,0,1,0,0,8,0,0,3,0,0,0,1,3,3,0,2,0,0,0,0,0,0,0,0,0,1,0,2,2,0,0,26,0,1,0,74,9218,0.802777175
1866,Johnson,Democratic,0,0,2,0,0,0,0,0,1,0,0,0,0,0,11,0,0,0,0,1,0,0,0,0,0,0,8,0,0,3,0,0,0,4,3,2,0,1,0,0,0,0,0,1,1,0,0,2,0,1,1,0,0,30,0,1,0,73,7127,1.024273888
1867,Johnson,Democratic,0,0,6,2,0,5,0,0,3,3,1,1,1,0,14,1,0,0,0,0,0,0,0,0,0,0,15,0,0,5,0,0,0,4,1,1,0,0,0,1,0,0,0,0,0,0,0,1,0,0,0,0,0,39,0,2,0,106,11981,0.884734162
1868,Johnson,Democratic,0,0,7,0,0,2,0,0,1,0,0,0,0,0,10,0,0,0,0,0,0,0,0,0,0,0,5,0,0,5,0,0,0,1,1,1,0,1,0,0,0,0,0,1,1,0,0,2,0,0,0,0,0,45,0,2,0,85,9817,0.865844963
1869,Grant,Republican,0,0,8,0,0,1,0,0,0,0,0,0,0,0,4,0,0,0,0,0,0,0,0,2,0,0,4,0,0,3,0,0,0,3,1,1,0,4,0,0,0,0,0,1,1,1,0,0,0,3,3,0,0,25,0,1,0,66,7702,0.85692028
1870,Grant,Republican,0,0,6,0,0,1,0,0,0,1,1,0,0,0,4,0,0,0,0,0,0,0,0,4,0,0,3,0,0,6,0,0,0,1,2,2,0,1,0,0,0,0,0,1,1,0,0,0,0,0,0,0,0,31,0,0,0,65,8736,0.744047619
1871,Grant,Republican,0,0,2,0,0,1,0,0,0,0,0,0,0,0,9,0,0,0,0,0,0,0,2,2,0,0,2,0,0,7,0,0,0,2,0,0,0,1,0,0,0,0,0,1,0,0,1,0,0,0,0,0,0,16,0,0,0,46,6458,0.712294828
1872,Grant,Republican,0,0,0,0,0,1,0,0,0,0,0,0,0,0,2,0,0,0,0,0,0,0,0,0,0,0,1,0,0,1,0,0,0,2,0,0,0,0,0,0,0,0,0,3,3,0,0,0,0,2,2,0,0,19,0,0,0,36,3989,0.902481825
1873,Grant,Republican,0,0,4,0,0,1,0,0,0,0,0,0,0,0,7,0,0,0,0,1,0,0,0,2,1,0,4,0,0,11,0,0,0,2,2,2,0,1,0,0,0,0,0,2,2,0,0,0,0,2,2,0,0,32,0,0,0,78,10022,0.778287767
1874,Grant,Republican,0,0,4,0,0,2,0,0,0,0,2,0,0,0,8,0,0,0,0,0,0,0,0,0,0,0,2,0,0,5,0,0,0,2,1,1,0,0,0,1,0,0,0,3,1,0,2,0,0,2,2,0,0,17,1,0,0,56,9194,0.609092887
1875,Grant,Republican,0,0,3,0,0,8,0,0,0,0,1,0,2,0,9,0,0,0,0,0,0,0,0,3,0,0,2,0,0,10,0,0,0,0,0,0,0,1,0,0,0,0,0,2,2,0,0,0,0,1,1,0,0,27,2,0,0,74,12203,0.60640826
1876,Grant,Republican,0,0,6,0,0,1,0,0,0,2,0,0,0,0,5,0,0,0,0,0,0,0,0,0,0,0,0,0,0,7,0,0,0,1,0,0,0,1,0,0,0,0,0,2,1,0,1,1,0,2,2,0,0,21,0,0,0,53,6793,0.780214927
1877,Hayes,Republican,0,0,10,1,0,0,0,0,0,0,1,0,0,0,6,1,0,0,0,0,0,0,0,0,0,0,5,0,0,2,0,0,0,2,1,1,0,0,0,0,0,0,0,1,1,0,0,0,0,4,4,0,0,18,0,0,0,58,8017,0.723462642
1878,Hayes,Republican,0,0,5,0,0,2,0,0,0,0,1,0,0,0,12,0,0,0,0,0,0,0,0,1,0,0,2,0,0,2,0,0,0,0,1,0,0,0,0,0,0,0,0,1,1,0,0,0,0,3,3,0,0,14,0,0,0,48,7881,0.609059764
1879,Hayes,Republican,0,0,3,0,0,0,0,0,0,0,0,0,0,0,16,0,0,1,0,0,0,0,0,2,0,0,8,0,0,3,0,0,0,2,0,0,0,0,0,0,0,0,0,0,0,0,0,0,0,1,1,0,0,22,0,0,0,59,11632,0.507221458
1880,Hayes,Republican,0,0,0,0,0,2,0,0,0,0,0,0,1,0,7,0,0,0,0,0,0,0,0,2,0,0,2,0,0,1,0,0,0,1,0,0,0,0,0,0,0,0,0,1,1,0,0,0,0,0,0,0,0,11,0,0,0,29,6697,0.433029715
1881,Arthur,Republican,0,0,0,0,0,2,0,0,0,0,0,0,0,0,1,0,0,0,0,0,1,0,0,0,0,0,1,0,0,2,0,0,0,2,0,0,0,0,0,0,0,0,0,1,1,1,0,0,0,1,1,0,0,13,0,0,0,27,3822,0.706436421
1882,Arthur,Republican,0,0,0,0,0,0,0,0,0,0,0,0,0,0,4,0,0,0,0,0,0,0,1,1,0,0,1,0,0,1,0,0,0,3,0,0,0,0,0,0,0,0,0,0,0,0,0,0,0,0,0,0,0,5,0,0,0,16,3067,0.521682426
1883,Arthur,Republican,0,0,0,0,0,1,0,0,0,0,0,0,1,0,3,0,0,0,0,0,0,0,4,0,0,0,2,0,0,3,0,0,0,1,1,1,0,0,0,0,0,0,0,0,0,0,0,0,0,1,1,0,0,8,0,0,0,27,3784,0.713530655
1884,Arthur,Republican,0,0,7,0,0,3,0,0,0,1,0,0,0,0,2,0,0,0,0,0,0,0,1,4,0,0,2,0,0,7,0,0,0,1,0,0,0,0,0,1,0,0,0,0,0,0,0,0,0,1,1,0,0,20,1,0,0,52,8947,0.581200402
1885,Cleveland,Democratic,0,0,13,1,0,2,0,0,0,0,3,0,0,0,15,0,0,0,0,0,0,0,4,1,0,0,10,0,0,15,0,0,0,3,5,4,0,1,0,0,0,0,0,5,5,1,0,0,0,3,3,0,0,44,0,0,0,138,19746,0.698875722
1886,Cleveland,Democratic,0,0,5,1,0,2,0,0,1,0,1,0,0,0,8,2,0,0,0,0,0,0,0,1,0,0,1,0,0,7,0,0,0,1,8,6,0,3,0,1,0,0,0,6,6,1,0,1,0,0,0,0,0,26,0,0,0,88,15135,0.581433763
1887,Cleveland,Democratic,0,0,0,0,0,0,0,0,0,0,1,0,0,0,2,0,0,0,0,0,0,0,0,0,0,0,0,0,0,0,0,0,0,0,0,0,0,0,0,0,0,0,0,1,1,0,0,0,0,0,0,0,0,5,0,0,0,10,5289,0.189071658
1888,Cleveland,Democratic,0,0,5,1,0,0,0,0,0,0,1,0,0,0,4,0,0,0,0,1,0,0,2,1,0,0,2,0,0,4,0,0,0,1,2,0,0,1,0,0,0,0,0,0,0,0,0,0,0,0,0,0,0,17,0,0,0,42,9020,0.465631929
1889,Harrison,Republican,0,0,4,3,0,2,0,0,1,0,1,0,2,0,13,0,0,0,0,0,0,0,1,3,0,0,4,0,0,6,0,0,0,1,4,1,0,0,0,0,0,0,0,0,0,0,0,0,0,3,3,0,0,24,0,0,0,76,13001,0.584570418
1890,Harrison,Republican,0,0,2,0,0,3,0,0,0,0,3,1,0,0,10,0,0,0,0,0,0,0,0,1,0,0,2,0,0,1,0,0,0,1,2,1,0,0,0,0,0,0,0,3,3,0,0,0,0,0,0,0,0,16,0,0,0,49,11522,0.42527339
1891,Harrison,Republican,0,0,4,0,0,1,0,0,1,0,1,0,0,0,12,0,0,0,0,0,0,0,0,3,0,0,1,0,0,8,0,0,0,3,3,3,0,3,0,0,0,0,0,4,3,0,1,0,0,0,0,0,0,22,0,1,0,74,16292,0.454210656
1892,Harrison,Republican,0,0,1,0,0,1,0,0,0,0,0,0,0,0,2,0,0,0,0,0,0,0,0,3,0,0,1,0,0,9,0,0,0,0,1,1,0,1,0,0,0,0,0,7,5,0,0,0,0,0,0,0,0,20,0,0,0,52,13678,0.38017254
1893,Cleveland,Democratic,0,0,13,7,0,5,0,0,0,0,1,0,0,0,12,1,0,1,0,0,0,0,0,2,0,0,11,0,0,10,0,0,0,2,3,3,0,4,0,1,0,0,0,1,1,0,0,0,0,4,4,0,0,22,0,1,0,109,12283,0.887405357
1894,Cleveland,Democratic,0,0,15,6,0,1,0,0,0,0,3,1,0,0,19,2,0,0,0,0,0,0,2,1,1,0,9,0,0,18,0,0,0,8,6,5,0,0,0,0,0,0,0,1,1,0,0,0,0,3,3,0,0,42,1,2,0,150,15892,0.94387113
1895,Cleveland,Democratic,0,0,0,0,0,2,0,0,1,0,3,0,0,0,15,0,0,0,0,0,0,0,0,0,0,0,6,0,0,1,0,0,0,9,1,1,0,6,0,0,0,0,0,6,6,0,0,0,0,0,0,0,0,22,0,0,0,79,14671,0.538477268
1896,Cleveland,Democratic,0,0,7,7,2,4,0,0,1,1,2,0,1,1,18,0,0,0,0,0,0,0,0,3,0,0,9,0,0,9,0,0,0,1,3,3,0,4,0,0,0,0,0,4,4,0,0,2,0,3,3,0,0,20,0,0,0,112,15443,0.725247685
1897,McKinley,Republican,0,0,2,5,0,8,0,0,0,0,1,0,1,0,17,0,0,0,0,0,0,0,0,5,0,0,8,0,0,8,0,0,0,1,1,1,0,2,0,0,0,0,0,2,2,0,0,0,0,0,0,0,0,46,4,0,0,114,12110,0.941370768
1898,McKinley,Republican,0,0,20,9,3,5,0,0,0,10,1,1,3,0,43,0,0,1,0,1,0,0,0,7,3,0,23,0,0,21,0,0,0,6,6,4,0,4,0,0,0,0,0,0,0,0,0,1,0,9,9,0,0,93,1,0,0,284,20208,1.405384006
1899,McKinley,Republican,0,0,14,1,2,3,0,0,0,0,0,0,0,0,14,0,0,0,0,0,0,0,0,6,2,0,5,0,0,9,0,0,0,6,3,0,0,1,0,0,0,0,0,0,0,0,0,0,0,4,4,0,0,35,1,1,0,111,15133,0.733496333
1900,McKinley,Republican,0,0,9,3,0,5,0,0,0,2,1,0,1,0,27,2,0,0,0,0,0,0,0,7,4,0,31,0,0,7,0,0,0,9,5,3,0,0,0,0,0,0,0,1,1,0,0,2,1,9,9,0,0,51,1,1,0,192,19134,1.003449357
1901,Roosevelt,Republican,0,0,20,6,1,0,0,0,0,2,6,0,11,1,18,0,0,0,0,4,0,0,0,6,2,0,11,0,0,30,0,0,0,0,6,1,0,0,0,0,0,0,0,1,1,1,0,1,0,0,0,0,0,59,1,3,0,192,19595,0.979841796
1902,Roosevelt,Democratic,0,0,7,1,0,0,0,0,0,0,4,0,1,0,8,0,0,0,0,2,0,0,0,0,0,0,2,0,0,15,0,0,0,0,3,0,0,2,0,0,0,0,0,3,2,1,0,0,0,3,2,0,0,31,3,2,0,92,9756,0.94300943
1903,Roosevelt,Republican,0,0,6,1,1,2,0,0,0,1,1,0,2,0,21,0,0,0,0,0,0,0,1,4,1,0,4,0,0,8,0,0,0,4,0,0,0,0,0,0,0,0,0,1,1,1,0,0,0,5,5,0,0,50,1,1,0,122,14876,0.820112934
1904,Roosevelt,Democratic,0,1,14,5,0,1,0,0,2,2,2,0,2,0,19,0,0,0,0,1,0,0,0,4,0,0,1,0,0,13,0,0,0,6,0,0,0,0,0,1,0,0,0,2,2,0,0,0,0,3,3,0,0,46,1,1,0,132,17406,0.758359186
1905,Roosevelt,Democratic,0,0,20,7,0,5,0,0,1,4,1,0,7,0,37,0,0,0,0,0,0,0,0,4,0,0,8,0,0,21,0,0,0,3,2,0,0,0,0,0,0,0,0,4,4,0,0,0,0,2,2,0,0,62,0,3,0,197,25033,0.786961211
1906,Roosevelt,Republican,0,0,15,5,3,5,0,0,2,1,7,0,5,0,19,2,0,0,0,2,0,0,0,2,0,0,4,0,0,24,0,0,0,6,4,1,0,0,0,0,0,0,0,7,7,0,0,0,0,6,6,0,0,69,1,1,0,204,23575,0.865323436
1907,Roosevelt,Democratic,0,0,36,17,1,2,0,0,3,1,1,0,2,0,18,3,0,0,0,2,0,0,0,2,1,0,3,0,0,31,0,0,0,1,1,0,0,0,0,0,0,0,0,4,3,0,0,0,0,1,1,0,0,80,0,4,0,218,27382,0.796143452
1908,Roosevelt,Democratic,0,0,10,7,0,4,0,0,2,2,4,0,1,0,11,0,0,0,0,0,0,0,0,0,0,0,9,0,0,6,0,0,0,0,3,2,0,1,0,0,0,0,0,0,0,0,0,0,0,1,1,0,0,38,0,0,0,102,19383,0.526234329
1909,Taft,Republican,0,0,7,2,0,0,0,0,0,2,1,0,0,0,12,0,0,0,0,0,0,0,0,2,0,0,10,0,0,14,0,0,0,3,0,0,0,0,0,0,0,0,0,2,2,0,0,0,0,0,0,0,0,20,0,1,0,78,13889,0.561595507
1910,Taft,Republican,0,0,0,2,0,0,0,0,0,0,0,0,0,0,7,0,0,0,0,0,0,0,2,5,0,0,1,0,0,5,0,0,0,1,0,0,0,1,0,0,0,0,0,1,1,0,0,0,0,0,0,0,0,20,0,0,0,46,6763,0.680171522
1911,Taft,Republican,0,0,18,8,2,4,0,0,0,0,4,1,6,0,19,0,0,0,0,0,0,0,1,5,1,0,9,0,0,23,0,0,0,7,1,1,0,1,0,0,0,0,0,1,1,1,0,1,0,19,18,0,0,39,0,0,0,191,23704,0.805771178
1912,Taft,Republican,0,0,31,8,1,4,0,0,0,0,2,1,0,0,39,1,0,0,0,1,0,0,0,8,5,0,8,0,0,23,0,0,0,2,5,2,0,1,0,0,0,0,0,5,5,0,0,0,0,4,4,0,0,59,1,4,0,224,25150,0.890656064
1913,Wilson,Democratic,0,0,0,0,0,1,0,0,0,0,0,0,0,0,0,0,0,0,0,0,0,0,0,0,0,0,1,0,0,0,0,0,0,0,0,0,0,0,0,0,0,0,0,1,1,1,0,0,0,0,0,0,0,7,0,0,0,12,3552,0.337837838
1914,Wilson,Democratic,0,0,3,0,0,0,0,0,0,0,5,0,0,0,1,0,0,0,0,0,0,0,0,2,0,0,3,0,0,2,0,0,0,0,1,1,0,0,0,0,0,0,0,2,2,0,0,0,0,0,0,0,0,12,0,0,0,34,4533,0.750055151
1915,Wilson,Democratic,0,0,8,14,0,2,0,0,1,0,1,0,3,0,7,0,0,0,0,0,0,0,0,18,15,0,3,0,0,10,0,0,0,0,0,0,0,0,0,0,0,0,0,2,1,0,1,0,0,0,0,0,0,17,0,0,0,103,7686,1.340098881
1916,Wilson,Democratic,0,0,0,0,0,0,0,0,0,0,0,0,0,0,1,0,0,0,0,0,0,0,0,0,0,0,5,0,0,0,0,0,0,0,0,0,0,0,0,0,0,0,0,0,0,0,0,0,0,0,0,0,0,1,0,0,0,7,2117,0.33065659
1917,Wilson,Democratic,0,0,0,1,0,0,0,0,6,0,4,0,4,0,7,0,0,0,0,0,0,0,0,0,0,0,3,0,0,0,0,0,0,6,0,0,0,1,0,0,0,0,0,1,1,0,0,0,0,0,0,0,0,36,1,0,0,71,3913,1.814464605
1918,Wilson,Democratic,0,0,0,5,0,1,0,0,2,3,1,0,1,0,7,3,0,0,0,0,0,0,0,0,0,0,2,0,0,2,0,0,0,0,2,2,0,1,0,1,0,0,0,0,0,0,0,1,1,2,1,0,0,28,0,0,0,66,5465,1.20768527
1919,Wilson,Democratic,0,0,0,1,0,0,0,0,1,0,1,0,0,0,4,0,0,0,0,0,0,0,0,0,0,0,0,0,0,0,0,0,0,1,4,4,0,0,0,1,0,0,0,2,1,0,1,0,0,0,0,0,0,17,0,0,0,38,4755,0.79915878
1920,Wilson,Democratic,0,0,0,0,0,0,0,0,0,0,0,0,1,0,7,0,0,0,0,0,0,0,0,0,0,0,1,0,0,0,0,0,0,0,0,0,0,0,0,0,0,0,0,0,0,0,0,0,0,0,0,0,0,16,0,0,0,25,2705,0.924214418
1921,Harding,Republican,0,0,0,0,0,4,0,0,0,0,0,0,0,0,1,0,0,0,0,0,0,0,0,6,0,0,0,0,0,0,0,0,0,6,1,1,0,0,0,0,0,0,0,0,0,0,0,0,0,0,0,0,0,23,2,0,0,44,5604,0.785153462
1922,Harding,Republican,0,0,0,0,0,2,0,0,0,0,0,0,0,0,9,0,0,0,0,1,0,0,0,0,0,0,0,0,0,0,0,0,0,0,0,0,0,1,0,0,0,0,0,5,4,0,0,0,0,0,0,0,0,26,0,0,0,48,5744,0.835654596
1923,Coolidge,Republican,0,0,5,0,0,0,0,0,0,0,0,0,0,0,7,0,0,0,0,0,0,0,0,2,1,0,0,0,0,5,0,0,0,6,0,0,0,0,0,0,0,0,0,1,1,0,0,1,0,0,0,0,0,19,0,1,0,49,6701,0.731234144
1924,Coolidge,Republican,0,0,5,0,0,0,0,0,1,0,0,0,0,0,8,0,0,0,0,0,0,0,0,3,0,0,3,0,0,8,0,0,0,0,0,0,0,0,0,1,0,0,0,2,2,0,0,0,0,0,0,0,0,22,0,1,0,56,6964,0.804135554
1925,Coolidge,Republican,0,0,7,2,0,1,0,0,0,0,0,0,0,0,18,0,0,0,0,0,0,0,0,4,2,0,7,0,0,10,0,0,0,1,0,0,0,0,0,0,0,0,0,1,1,0,0,0,0,0,0,0,0,36,0,2,0,92,10843,0.84847367
1926,Coolidge,Republican,0,0,8,0,0,4,0,0,1,1,2,1,0,0,11,0,0,0,0,1,0,0,0,5,1,0,4,0,0,5,0,0,0,0,0,0,0,0,0,0,0,0,0,1,1,0,0,0,0,2,2,0,0,37,2,3,0,92,10308,0.892510671
1927,Coolidge,Republican,0,0,4,0,0,0,0,0,0,0,1,0,0,0,12,0,0,0,0,0,0,0,0,4,1,0,4,0,0,4,0,0,0,0,0,0,0,0,0,0,0,0,0,2,1,0,0,0,0,0,0,0,0,18,0,1,1,53,8777,0.603850974
1928,Coolidge,Republican,0,0,6,2,0,0,0,0,0,0,0,0,0,0,7,0,0,0,0,0,0,0,0,3,0,0,1,0,0,3,0,0,0,0,0,0,0,0,0,0,0,0,0,2,2,0,0,0,0,0,0,0,0,20,1,1,0,48,8060,0.595533499
1929,Hoover,Republican,0,0,7,0,0,5,0,0,0,2,3,1,0,0,30,0,0,0,0,2,0,0,0,9,3,0,0,0,0,4,0,0,0,1,2,2,0,0,0,0,0,0,0,3,2,0,0,1,0,0,0,0,0,29,0,0,0,106,10993,0.964249977
1930,Hoover,Republican,0,0,1,0,0,0,0,0,0,0,2,0,0,0,5,0,0,0,0,0,0,0,0,0,0,0,1,0,0,4,0,0,0,1,0,0,0,0,0,0,0,0,0,0,0,0,0,0,0,0,0,0,0,8,0,1,0,23,4546,0.505939287
1931,Hoover,Republican,0,1,2,0,0,3,0,0,0,0,0,0,0,0,4,0,0,0,0,3,0,0,0,3,1,0,2,0,0,2,0,0,0,0,0,0,0,0,0,0,0,0,0,2,2,0,0,0,0,0,0,0,0,10,0,0,0,35,5686,0.615546957
1932,Hoover,Republican,0,0,0,0,0,1,0,0,0,0,1,1,1,0,6,0,0,0,0,4,0,0,0,0,0,0,0,0,0,0,0,0,0,0,0,0,0,1,0,0,0,0,0,0,0,0,0,0,0,0,0,0,0,12,0,0,0,27,4210,0.641330166
1934,Roosevelt,Republican,0,0,0,0,0,0,0,0,0,0,1,0,0,0,0,0,0,0,0,2,0,0,0,0,0,0,0,0,0,0,0,0,0,0,0,0,0,0,0,0,0,0,0,1,1,0,0,0,0,0,0,0,0,5,0,1,0,11,2223,0.494826811
1935,Roosevelt,Republican,0,0,0,0,0,1,0,0,0,0,0,0,0,0,1,0,0,0,0,0,0,0,0,0,0,0,0,0,0,0,0,0,0,0,0,0,0,0,0,0,0,0,0,1,0,0,0,0,0,0,0,0,0,7,0,0,0,10,3515,0.284495021
1936,Roosevelt,Democratic,0,0,0,2,0,0,0,0,0,0,10,0,0,0,1,1,0,0,0,2,0,0,0,0,0,0,0,0,0,0,0,0,0,0,0,0,0,0,0,0,0,0,0,2,1,0,1,1,0,0,0,0,0,22,1,2,0,46,3810,1.207349081
1937,Roosevelt,Democratic,0,0,0,0,0,0,0,0,0,0,0,0,0,0,0,0,0,0,0,1,0,0,0,0,0,0,0,0,0,0,0,0,0,0,0,0,0,0,0,0,0,0,0,1,0,0,0,0,0,0,0,0,0,11,0,0,0,13,2730,0.476190476
1938,Roosevelt,Democratic,0,0,0,0,0,1,0,0,2,0,1,0,0,0,4,0,0,0,0,0,0,0,0,0,0,0,1,0,0,0,0,0,0,0,0,0,0,0,0,1,0,0,0,2,2,0,0,0,0,0,0,0,0,7,0,0,0,21,4677,0.449005773
1939,Roosevelt,Republican,0,1,0,0,0,1,0,0,1,1,3,1,1,0,7,1,0,0,0,0,0,0,0,0,0,0,5,0,0,0,0,0,0,0,0,0,0,1,0,0,0,0,0,2,1,0,1,0,0,0,0,0,0,11,0,2,0,40,3736,1.070663812
1940,Roosevelt,Democratic,0,0,3,0,1,1,0,0,0,0,3,0,2,0,10,0,0,0,0,1,0,0,0,0,0,0,5,0,0,2,0,0,0,0,0,0,0,1,0,0,0,0,0,1,1,0,0,0,0,0,0,0,0,21,0,6,0,58,3170,1.829652997
1941,Roosevelt,Republican,0,0,1,0,0,0,0,0,0,1,2,0,2,0,1,1,0,0,0,1,0,0,0,0,0,0,1,0,0,3,0,0,0,0,0,0,0,2,0,0,0,0,0,8,4,0,1,0,0,2,2,0,0,25,1,4,1,63,3288,1.916058394
1942,Roosevelt,Republican,0,1,0,1,3,3,0,0,6,8,1,0,18,0,14,2,0,0,0,0,0,0,1,1,1,0,5,0,0,0,0,0,0,4,0,0,0,1,0,1,0,0,0,0,0,0,0,0,0,0,0,0,0,35,1,1,0,108,3470,3.112391931
1943,Roosevelt,Republican,0,0,2,9,2,1,0,0,3,6,3,1,16,0,11,2,0,0,0,1,0,0,0,3,3,0,7,0,0,1,0,0,0,6,3,3,0,0,0,0,0,0,0,2,1,0,0,0,0,0,0,0,0,57,1,2,1,147,4533,3.242885506
1944,Roosevelt,Democratic,0,0,1,4,0,1,0,0,5,0,3,1,5,0,7,0,0,0,0,1,0,0,0,2,2,0,3,0,0,2,0,0,0,1,7,5,0,0,0,0,0,0,0,2,1,0,1,0,0,1,1,0,0,57,0,1,2,116,3755,3.089214381
1945,Roosevelt,Democratic,0,0,20,11,3,2,0,0,11,10,0,0,20,0,37,7,0,0,0,0,0,0,0,2,2,0,10,0,0,8,0,0,0,5,6,5,1,0,0,2,0,0,0,3,2,0,0,0,0,5,5,0,0,91,2,0,1,271,8124,3.335795175
1946,Truman,Democratic,0,0,7,1,1,0,0,0,7,3,2,0,7,0,35,5,0,0,0,0,0,0,2,3,1,0,14,0,0,13,0,0,0,0,1,1,4,0,0,2,0,0,0,6,3,0,0,0,0,2,2,0,0,278,5,1,20,426,27722,1.536685665
1947,Truman,Democratic,0,0,7,0,0,1,0,0,0,0,3,0,2,0,19,0,0,0,0,0,0,0,0,1,0,0,7,0,0,5,0,0,0,0,0,0,3,0,0,0,0,0,0,3,0,0,1,0,0,3,3,0,0,31,1,1,3,94,6033,1.558097132
1948,Truman,Democratic,0,0,0,0,1,0,0,0,0,0,2,0,2,0,7,0,0,0,0,2,0,0,1,0,0,0,1,0,0,0,0,0,0,0,0,0,0,0,0,0,0,0,0,2,1,1,0,0,0,0,0,0,0,31,0,1,0,52,5091,1.021410332
1949,Truman,Democratic,0,0,0,0,0,0,0,0,0,0,0,0,0,0,8,0,0,0,0,0,0,0,0,0,0,0,0,0,0,0,0,0,0,0,0,0,0,2,0,0,0,0,0,1,1,0,0,0,0,0,0,0,0,6,0,0,0,18,3397,0.529879305
1950,Truman,Democratic,0,1,0,0,0,0,0,0,1,0,0,0,0,0,3,0,1,0,0,0,0,0,0,0,0,0,3,0,0,0,0,0,0,0,0,0,0,2,0,0,0,0,0,0,0,0,0,0,0,0,0,0,0,14,0,2,0,27,5126,0.526726492
1951,Truman,Democratic,0,0,1,0,1,1,0,0,0,0,0,0,12,0,17,0,0,0,0,0,0,0,8,1,0,0,16,0,0,1,0,1,0,5,1,1,19,0,0,0,0,0,0,7,2,0,0,0,0,0,0,0,0,13,1,1,1,110,3988,2.758274824
1952,Truman,Democratic,0,0,1,1,0,1,0,0,0,2,2,0,14,1,18,1,0,2,0,2,0,0,11,0,0,0,11,0,0,0,0,0,0,0,4,4,7,2,0,0,0,0,0,6,0,0,0,0,0,0,0,0,0,24,0,0,0,114,5334,2.137232846
1953,Truman,Democratic,0,1,1,2,1,1,0,0,0,1,15,0,2,0,25,1,0,3,0,0,1,0,7,0,0,0,19,0,0,0,1,0,0,2,0,0,35,4,0,1,0,0,0,8,1,0,2,0,0,0,0,0,0,83,0,0,2,219,9599,2.281487655
1954,Eisenhower,Republican,0,0,0,2,1,0,0,0,0,0,0,0,1,0,11,0,0,1,0,0,0,0,6,0,0,0,15,0,0,1,2,0,0,0,0,0,2,1,0,0,0,0,0,5,3,0,0,0,0,0,0,0,0,23,0,0,2,76,5974,1.272179444
1955,Eisenhower,Republican,0,0,0,2,6,0,0,0,0,1,0,0,1,1,22,0,0,1,0,0,0,0,1,1,0,0,28,0,0,1,3,0,0,0,0,0,2,3,0,0,0,0,0,4,1,0,0,0,0,0,0,0,0,28,1,0,0,107,7234,1.479126348
1956,Eisenhower,Republican,0,0,0,0,2,2,0,0,0,0,4,0,1,0,8,0,0,1,1,0,1,0,2,0,0,0,16,1,1,0,2,0,0,0,0,0,3,0,0,0,0,0,0,6,1,0,1,0,0,0,0,1,0,38,1,0,2,95,8245,1.152213463
1957,Eisenhower,Republican,0,0,0,0,0,0,0,0,0,2,1,0,0,0,8,0,0,0,0,0,0,0,0,0,0,0,8,1,0,0,1,0,0,0,0,0,1,3,0,0,0,0,0,5,1,0,0,0,0,0,0,0,0,10,0,1,0,42,4129,1.017195447
1958,Eisenhower,Republican,0,0,0,0,0,1,0,0,0,1,1,0,0,0,9,0,0,0,0,0,0,0,1,3,1,0,29,15,8,1,2,0,0,0,0,0,14,0,0,1,0,0,0,8,1,0,0,0,0,0,0,0,0,19,0,0,0,115,4911,2.341681939
1959,Eisenhower,Republican,0,0,0,0,0,1,0,0,1,0,4,0,2,0,11,0,0,0,0,0,0,0,0,2,2,0,10,7,2,0,0,0,0,0,0,0,1,0,0,0,0,0,0,3,1,0,1,0,0,0,0,0,0,20,0,0,0,68,4869,1.396590676
1960,Eisenhower,Republican,0,0,1,0,1,0,0,0,0,0,0,0,1,0,12,0,0,0,0,0,0,0,0,2,1,0,4,5,3,0,5,0,0,0,0,0,6,0,0,0,0,0,0,4,3,0,0,0,0,0,0,0,0,19,0,0,0,67,5628,1.19047619
1961,Eisenhower,Republican,0,0,1,0,3,1,0,0,0,0,0,0,2,1,14,0,0,1,0,1,0,0,3,3,3,0,5,5,3,0,6,0,0,1,1,1,3,1,0,0,0,0,0,3,0,0,1,0,0,0,0,0,0,25,2,1,0,91,6188,1.470588235
1962,Kennedy,Democratic,0,0,2,0,2,1,0,0,1,1,3,1,4,0,9,0,0,0,0,1,0,0,0,2,2,0,9,2,2,0,6,0,0,0,0,0,1,1,0,1,0,0,0,3,2,0,0,0,0,2,1,0,0,14,0,0,0,73,6436,1.134244873
1963,Kennedy,Democratic,0,0,0,0,1,0,0,0,0,0,1,0,0,0,8,0,0,0,0,2,0,0,2,0,0,0,4,1,0,0,13,0,0,0,0,0,4,2,0,0,0,0,0,6,1,0,1,0,0,0,0,0,0,17,0,2,0,65,5326,1.220428089
1964,Johnson,Democratic,0,0,0,0,1,0,0,0,0,0,0,0,2,0,1,1,0,0,0,1,0,0,1,0,0,0,3,0,0,0,1,0,0,0,0,0,0,1,0,0,0,0,0,1,1,0,0,0,0,0,0,0,0,13,0,0,0,27,3187,0.847191716
1965,Johnson,National Union   [i]   ( Democratic )   [j],0,0,0,0,0,2,0,0,0,0,2,0,1,0,4,0,0,0,0,0,0,0,0,1,0,0,1,0,0,0,0,0,0,0,0,0,5,2,0,0,0,0,0,3,1,1,0,0,0,0,0,0,0,17,0,0,0,40,4394,0.910332271
1966,Johnson,National Union   [i]   ( Democratic )   [j],0,0,0,4,1,8,0,0,1,2,1,0,7,0,13,0,0,0,0,0,0,0,2,0,0,0,3,0,0,0,1,0,0,0,2,2,1,4,0,3,0,0,0,1,1,0,0,0,0,0,0,0,34,28,0,3,0,122,5255,2.321598478
1967,Johnson,Democratic,0,0,1,2,2,5,0,0,0,3,1,0,8,0,9,0,0,0,0,0,0,0,4,0,0,0,1,2,0,0,4,0,0,1,0,0,7,2,0,2,1,0,0,5,4,2,0,0,0,2,2,0,23,40,0,0,0,133,7111,1.870341724
1968,Johnson,Democratic,0,0,0,3,1,1,0,0,0,2,0,0,1,0,9,0,0,0,0,3,1,0,1,0,0,0,3,1,0,0,2,0,0,0,0,0,4,0,0,0,0,0,0,3,1,1,0,0,0,0,0,0,5,13,0,0,0,55,4855,1.132852729
1969,Johnson,National Union   [i]   ( Democratic )   [j],0,1,0,2,0,2,0,0,0,0,2,0,1,0,5,0,0,0,0,1,1,0,0,0,0,0,1,1,0,0,2,0,0,1,0,0,2,1,0,0,0,0,0,2,0,0,0,0,0,0,0,0,9,4,0,0,0,38,4107,0.925249574
1970,Nixon,Republican,0,0,0,1,0,0,0,0,0,1,0,0,4,0,5,0,0,0,0,0,0,0,1,0,0,0,2,0,0,0,0,0,0,0,0,0,1,0,0,1,0,0,0,1,1,0,0,0,0,0,0,0,3,20,0,2,0,43,4455,0.965207632
1971,Nixon,Republican,0,0,0,1,1,0,0,0,0,0,0,0,0,0,3,0,0,0,0,2,0,0,0,0,0,0,0,0,0,0,0,0,0,0,0,0,0,0,0,0,0,0,0,0,0,0,0,0,0,0,0,0,0,11,0,0,2,20,4475,0.446927374
1972,Nixon,Republican,0,0,0,1,1,0,0,0,0,1,0,0,1,0,1,1,0,0,0,1,0,0,0,0,0,0,2,0,0,0,1,0,0,0,0,0,2,0,0,0,0,0,0,5,4,0,0,0,0,0,0,0,1,20,0,1,1,44,3967,1.109150492
1973,Nixon,Republican,0,0,0,0,0,0,0,0,0,0,0,0,0,0,4,0,0,0,0,0,0,0,0,0,0,0,0,0,0,0,0,0,0,0,0,0,0,0,0,0,0,0,0,0,0,0,0,0,0,0,0,0,2,2,0,0,0,8,1655,0.483383686
1974,Nixon,Republican,0,0,0,1,0,0,0,0,0,0,1,0,5,0,6,0,0,0,0,5,1,0,0,0,0,0,7,0,0,0,1,0,0,0,0,0,3,0,0,0,0,0,0,4,3,0,0,0,0,1,1,0,0,26,0,1,0,66,5154,1.280558789
1975,Ford,Republican,0,0,0,0,0,2,0,0,0,0,0,0,0,0,3,0,0,0,0,4,0,0,1,0,0,0,6,0,0,0,6,0,0,0,0,0,2,1,0,0,0,0,0,1,1,0,0,0,0,0,0,0,1,5,0,0,0,33,4103,0.804289544
1976,Ford,Republican,0,0,0,0,0,4,0,0,1,0,4,1,1,0,13,0,0,0,0,0,0,0,0,0,0,0,5,1,1,0,3,0,0,0,1,1,0,0,0,0,0,0,0,2,0,0,0,0,0,0,0,0,0,14,0,0,0,52,4951,1.05029287
1977,Ford,Republican,0,0,0,2,0,2,0,0,0,0,1,0,1,0,12,0,0,0,0,0,1,0,1,2,0,0,3,2,0,0,7,0,0,0,1,1,2,0,0,0,0,0,0,1,1,0,0,0,0,0,0,0,2,18,1,1,0,62,4640,1.336206897
1978,Carter,Democratic,0,0,0,0,0,4,0,0,0,0,0,0,1,0,2,0,0,0,0,5,0,0,0,0,0,0,3,0,0,0,7,0,0,0,0,0,2,1,0,0,0,0,0,3,2,0,0,0,0,0,0,0,0,16,0,1,0,47,4580,1.026200873
1979,Carter,Democratic,0,1,0,0,1,1,0,0,1,0,1,0,4,0,11,0,0,1,0,0,3,0,0,2,2,0,3,1,1,0,13,0,0,0,0,0,6,1,0,0,0,0,0,5,2,1,2,0,0,0,0,0,0,10,0,1,0,74,3243,2.281837805
1980,Carter,Democratic,8,0,0,0,0,3,0,0,0,0,1,0,1,0,12,0,0,6,0,1,5,0,1,0,0,0,13,1,0,0,6,0,0,0,0,0,32,2,0,2,2,0,0,10,3,0,1,0,0,4,4,0,0,8,0,1,0,127,3396,3.739693757
1981,Carter,Democratic,18,0,3,2,6,10,0,0,0,0,1,0,5,0,83,1,0,15,5,5,13,0,3,6,2,0,29,6,3,3,45,0,0,0,0,0,63,5,0,1,1,0,0,32,16,3,4,0,0,1,1,0,10,68,1,2,0,472,33564,1.406268621
1982,Reagan,Republican,1,0,0,0,1,0,0,0,0,0,0,0,0,0,12,0,0,0,0,0,0,0,0,0,0,0,8,0,0,0,1,0,0,0,0,0,8,0,0,1,1,0,0,1,1,0,0,0,0,0,0,0,0,10,0,0,0,45,5195,0.866217517
1983,Reagan,Republican,0,0,0,0,0,1,1,0,0,0,4,0,2,0,10,0,0,0,0,1,0,0,0,0,0,0,4,2,1,0,1,0,0,0,0,0,8,2,0,0,0,0,0,3,2,0,1,0,0,0,0,0,0,14,0,0,0,57,5572,1.022972003
1984,Reagan,Republican,0,1,0,0,1,0,0,0,0,1,2,1,0,0,11,3,0,0,0,1,0,0,0,1,1,0,3,0,0,0,3,0,0,0,1,1,4,5,0,2,2,0,0,2,0,0,0,0,0,0,0,0,0,17,0,0,0,63,4973,1.266840941
1985,Reagan,Republican,1,1,0,0,0,0,0,0,0,0,0,0,2,0,3,0,0,0,0,0,0,0,0,0,0,0,3,2,1,0,5,0,0,0,0,0,4,2,0,1,0,1,1,3,2,0,0,0,0,0,0,0,2,13,0,0,0,47,4250,1.105882353
1986,Reagan,Republican,1,0,0,0,0,1,0,0,0,0,1,0,5,0,5,0,0,0,0,1,0,0,0,0,0,0,0,0,0,0,3,0,0,0,0,0,5,0,0,3,0,0,0,4,2,0,0,0,0,0,0,0,0,11,0,0,0,42,3507,1.19760479
1987,Reagan,Republican,3,0,0,1,1,1,0,0,0,0,3,1,3,0,2,0,0,1,0,0,0,0,1,0,0,0,3,0,0,0,0,0,0,0,0,0,13,0,0,1,0,1,0,2,2,0,0,0,0,1,1,0,1,9,0,0,0,51,3803,1.341046542
1988,Reagan,Republican,2,0,1,1,0,0,0,0,0,0,2,1,6,0,6,0,0,1,0,2,0,0,0,0,0,0,0,1,0,0,7,0,0,0,0,0,3,3,0,2,0,0,0,4,2,1,0,0,0,1,1,0,0,14,0,1,0,62,4855,1.277033986
1989,Bush,Republican,0,1,0,0,0,1,0,0,0,0,1,1,1,0,11,0,0,0,0,3,0,0,0,0,0,0,4,0,0,0,3,0,0,0,0,0,2,0,0,0,0,0,0,4,4,1,0,0,0,0,0,0,0,15,0,0,0,52,4821,1.078614395
1990,Bush,Republican,0,1,3,1,0,1,0,0,0,0,1,0,0,0,4,0,0,0,0,0,0,0,0,0,0,0,6,0,0,0,0,0,0,0,0,0,5,1,0,0,0,0,0,1,0,0,0,0,0,2,1,0,0,8,0,1,0,36,3770,0.954907162
1991,Bush,Republican,0,0,0,1,1,3,0,0,0,0,1,0,5,0,11,0,0,0,6,0,1,0,0,1,0,0,1,3,0,0,0,0,0,0,1,0,5,9,0,1,1,0,0,2,0,0,0,0,0,0,0,0,0,23,0,0,0,76,3765,2.018592297
1992,Bush,Republican,0,2,1,1,0,1,0,0,0,0,0,0,2,0,6,0,0,0,0,0,1,0,0,0,0,0,1,8,6,0,4,0,0,1,0,0,1,0,0,0,0,0,0,1,0,0,1,0,0,1,1,0,0,12,0,0,0,51,4718,1.080966511
1993,Clinton,Democratic,0,0,0,0,1,1,0,0,0,0,1,0,1,0,7,0,0,0,0,1,0,0,0,0,0,0,2,0,0,0,1,0,0,0,0,0,0,0,0,1,0,0,0,1,0,0,1,0,0,0,0,0,0,8,0,0,0,26,7007,0.371057514
1994,Clinton,Democratic,0,1,0,0,0,1,0,0,0,0,2,0,3,0,10,0,0,0,0,3,0,0,1,0,0,0,4,1,1,0,4,0,0,7,0,0,2,0,0,2,0,1,1,2,0,0,2,0,0,1,1,0,0,8,0,0,0,58,7400,0.783783784
1995,Clinton,Democratic,0,0,0,0,2,0,0,0,1,1,2,1,3,0,9,1,0,0,0,1,2,0,2,1,0,0,3,2,1,0,5,0,0,3,1,0,0,3,0,7,1,5,3,4,2,0,0,0,0,1,1,0,0,18,0,0,0,86,9143,0.940610303
1996,Clinton,Democratic,0,0,0,1,0,1,0,0,0,0,1,0,6,0,10,2,0,0,0,0,0,0,2,0,0,0,2,1,0,0,5,0,0,3,0,0,0,0,0,3,2,1,1,4,0,0,3,0,0,2,2,0,2,11,0,0,0,65,6283,1.034537641
1997,Clinton,Democratic,0,0,2,0,0,4,0,0,0,2,0,0,5,0,11,1,0,0,0,2,0,0,3,0,0,0,1,0,0,0,5,0,0,2,0,0,0,0,0,3,1,1,1,4,1,1,1,0,0,2,2,0,1,13,0,1,0,70,6742,1.038267576
1998,Clinton,Democratic,0,1,2,1,2,0,1,0,0,2,1,1,3,0,5,0,0,0,2,2,0,0,2,0,0,0,2,1,1,0,4,0,0,1,2,2,0,1,0,3,0,2,2,4,1,0,1,0,0,3,3,0,1,12,0,0,0,71,7283,0.974872992
1999,Clinton,Democratic,0,1,0,0,0,0,0,0,0,0,0,0,2,0,7,0,0,0,5,3,2,0,2,0,0,0,1,2,2,0,5,0,0,2,0,0,1,1,0,6,2,1,1,5,2,0,2,0,0,3,3,0,0,13,0,1,0,75,7472,1.003747323
2000,Clinton,Democratic,0,0,0,1,1,2,0,0,0,1,0,0,6,0,10,0,0,1,1,1,0,0,1,0,0,0,1,3,0,0,4,0,0,7,2,2,1,0,0,3,0,1,1,7,4,0,2,0,0,1,1,0,0,29,0,0,0,94,7387,1.272505753
2001,Bush,Republican,0,0,0,0,0,0,0,0,0,0,0,0,3,0,4,0,0,0,0,1,0,0,0,0,0,0,7,1,0,0,1,0,0,0,0,0,0,1,0,1,0,1,1,4,1,0,3,0,0,0,0,0,0,6,0,0,0,35,4395,0.796359499
2002,Bush,Republican,13,0,0,1,1,1,0,0,4,2,2,1,7,0,6,0,0,2,2,2,0,1,1,1,0,0,4,2,1,1,3,0,0,1,2,2,0,0,0,36,3,20,10,7,5,0,1,0,0,3,3,0,0,16,0,0,0,167,3824,4.367154812
2003,Bush,Republican,3,0,0,1,0,0,0,0,1,3,2,0,7,1,6,0,0,3,22,1,1,0,7,0,0,0,3,3,1,0,12,0,0,1,0,0,1,2,0,22,3,13,7,17,2,1,5,0,0,2,2,0,0,19,1,0,0,175,5372,3.257632167
2004,Bush,Republican,5,0,1,1,1,0,0,0,4,0,1,0,2,0,10,0,0,1,24,0,0,0,2,0,0,0,2,0,0,0,4,0,0,0,0,0,0,0,2,20,1,14,10,7,1,0,4,0,0,5,5,0,0,20,0,0,0,147,5171,2.842777026
2005,Bush,Republican,3,1,0,1,0,0,0,0,3,1,2,0,6,0,8,0,0,3,27,0,2,0,1,2,0,0,4,0,0,0,3,0,0,0,1,1,0,0,0,27,1,12,11,2,0,0,0,0,0,1,1,0,0,13,0,0,0,137,5049,2.713408596
2006,Bush,Republican,2,0,0,1,0,1,0,0,4,4,5,1,13,0,7,1,1,6,16,1,1,0,1,1,0,0,8,0,0,0,3,0,3,0,0,0,0,1,0,20,3,11,6,1,0,0,1,0,0,3,2,0,0,13,0,0,0,141,5321,2.649877843
2007,Bush,Republican,4,0,3,2,1,3,0,0,4,10,1,1,10,0,17,0,0,5,34,0,1,0,2,3,2,0,4,0,0,0,3,0,10,2,1,1,0,7,2,22,0,17,14,3,0,0,2,0,0,3,3,0,0,17,0,0,0,214,5598,3.822793855
2008,Bush,Republican,4,0,2,0,1,0,0,0,5,7,0,0,16,0,16,0,1,7,39,0,3,0,1,4,2,0,6,1,1,0,4,0,11,0,2,2,0,2,2,23,0,17,14,2,1,0,1,0,0,10,9,0,0,10,0,0,0,226,5752,3.92906815
2009,Obama,Democratic,2,0,0,0,1,0,1,0,0,0,2,0,1,0,7,0,0,0,4,11,1,0,1,1,1,0,0,0,0,0,1,0,1,0,1,1,0,1,0,3,1,2,2,3,0,0,2,0,0,1,1,0,0,15,0,1,0,69,5940,1.161616162
2010,Obama,Democratic,3,1,0,1,1,0,0,0,0,0,3,1,8,0,6,0,0,3,5,3,0,0,2,0,0,0,2,0,0,0,4,0,2,1,0,0,0,3,0,3,1,2,2,5,3,0,1,1,0,4,4,0,0,17,0,3,0,95,7106,1.336898396
2011,Obama,Democratic,1,0,0,4,2,0,0,0,1,0,0,0,4,0,5,2,0,2,4,2,0,0,7,0,0,0,2,1,0,0,5,0,4,2,0,0,2,3,2,2,1,1,1,2,0,0,1,0,0,6,6,0,0,13,0,0,0,88,6940,1.268011527
2012,Obama,Democratic,3,0,1,1,1,0,1,0,2,0,0,0,6,0,7,1,0,4,3,4,1,0,1,0,0,0,4,0,0,1,3,0,2,1,1,1,0,1,1,0,0,0,0,4,1,0,1,0,0,5,5,0,0,16,1,0,0,84,6987,1.202232718
2013,Obama,Democratic,4,0,0,0,2,0,2,0,1,0,1,0,4,0,5,1,0,1,0,3,1,0,1,0,0,0,5,1,0,0,3,0,4,1,0,0,0,0,0,5,2,3,3,7,1,1,2,0,0,2,2,0,0,13,0,0,1,82,6467,1.267975878
2014,Obama,Democratic,6,1,2,2,1,2,1,0,0,0,3,0,2,0,15,1,0,10,3,2,2,0,0,1,1,0,5,0,0,0,5,0,3,0,0,0,1,1,0,8,2,5,2,8,3,1,3,0,0,6,6,0,0,16,0,0,0,130,6778,1.917969903
2015,Obama,Democratic,3,0,0,1,5,4,2,0,1,0,4,3,3,0,12,0,0,4,2,5,1,0,0,0,0,0,5,0,0,0,5,0,0,2,0,0,0,0,0,9,1,7,5,8,3,1,2,0,0,3,3,0,0,13,0,1,0,118,6727,1.754125167
2016,Obama,Democratic,1,0,0,0,0,3,0,0,2,0,3,1,7,0,5,1,0,2,2,3,0,0,0,0,0,0,5,0,0,0,2,0,3,2,2,0,0,0,0,7,0,7,4,5,3,0,0,1,0,3,3,0,1,11,0,1,0,90,5438,1.655020228
2017,Trump,Republican,0,0,0,0,0,2,0,0,1,2,2,1,5,1,10,2,0,1,0,1,1,0,0,0,0,0,6,1,0,1,0,0,0,0,0,0,0,1,0,5,5,0,0,4,2,0,2,0,0,0,0,0,0,10,0,2,0,68,5036,1.350277998
2018,Trump,Republican,1,0,1,1,1,1,0,0,1,1,3,1,7,0,4,1,0,3,1,7,1,0,7,1,1,0,4,1,1,1,6,0,0,1,0,0,0,2,0,9,1,8,6,5,3,1,1,0,0,0,0,0,0,10,0,0,0,104,5190,2.003853565
