afghanistan,afraid,army,battle,combat,conflict,cyber,cybersecurity,enemies,enemy,fear,fears,fight,fights,force,fought,genocide,iran,iraq,isis,israel,jihad,korea,length,marine,marines,militant,military,missile,missiles,navy,nuclear,president,proxy,qaeda,russia,soldier,soldiers,soviet,struggle,taliban,terror,terrorism,terrorist,terrorists,threat,threaten,threatens,threats,trench,trenches,troop,troops,ussr,vietnam,war,warfare,wars,wartime,year
0.0,0.0,0.0,0.0,0.0,0.0,0.0,0.0,0.0,0.0,0.0,0.0,0.0,0.0,2.0,0.0,0.0,0.0,0.0,0.0,0.0,0.0,0.0,2057.0,0.0,0.0,0.0,1.0,0.0,0.0,0.0,0.0,Adams,0.0,0.0,0.0,0.0,0.0,0.0,0.0,0.0,0.0,0.0,0.0,0.0,0.0,0.0,0.0,0.0,0.0,0.0,1.0,1.0,0.0,0.0,8.0,0.0,0.0,0.0,1797.0
0.0,0.0,0.0,0.0,0.0,0.0,0.0,0.0,0.0,0.0,1.0,0.0,0.0,0.0,2.0,0.0,0.0,0.0,0.0,0.0,0.0,0.0,0.0,2218.0,0.0,0.0,0.0,1.0,0.0,0.0,1.0,0.0,Adams,0.0,0.0,0.0,0.0,0.0,0.0,0.0,0.0,0.0,0.0,0.0,0.0,0.0,0.0,0.0,0.0,0.0,0.0,2.0,2.0,0.0,0.0,10.0,0.0,0.0,0.0,1798.0
0.0,0.0,0.0,0.0,0.0,0.0,0.0,0.0,0.0,0.0,0.0,0.0,0.0,0.0,2.0,0.0,0.0,0.0,0.0,0.0,0.0,0.0,0.0,1505.0,0.0,0.0,0.0,1.0,0.0,0.0,0.0,0.0,Adams,0.0,0.0,0.0,0.0,0.0,0.0,0.0,0.0,0.0,0.0,0.0,0.0,0.0,0.0,0.0,0.0,1.0,0.0,1.0,1.0,0.0,0.0,3.0,0.0,0.0,0.0,1799.0
0.0,0.0,1.0,0.0,0.0,0.0,0.0,0.0,0.0,0.0,0.0,0.0,0.0,0.0,0.0,0.0,0.0,0.0,0.0,0.0,0.0,0.0,0.0,1372.0,0.0,0.0,0.0,0.0,0.0,0.0,3.0,0.0,Adams,0.0,0.0,1.0,1.0,1.0,0.0,0.0,0.0,0.0,0.0,0.0,0.0,0.0,0.0,0.0,0.0,0.0,0.0,0.0,0.0,0.0,0.0,2.0,0.0,0.0,0.0,1800.0
0.0,0.0,2.0,0.0,0.0,2.0,0.0,0.0,0.0,0.0,0.0,0.0,0.0,0.0,13.0,0.0,0.0,0.0,0.0,0.0,0.0,0.0,0.0,9003.0,2.0,0.0,0.0,11.0,0.0,0.0,8.0,0.0,Adams,0.0,0.0,3.0,0.0,0.0,0.0,1.0,0.0,0.0,0.0,0.0,0.0,0.0,0.0,0.0,0.0,0.0,0.0,1.0,1.0,0.0,0.0,26.0,1.0,1.0,0.0,1825.0
0.0,0.0,6.0,1.0,0.0,1.0,0.0,0.0,0.0,0.0,0.0,0.0,0.0,0.0,9.0,0.0,0.0,0.0,0.0,0.0,0.0,0.0,0.0,7748.0,0.0,0.0,0.0,5.0,0.0,0.0,9.0,0.0,Adams,0.0,0.0,2.0,1.0,1.0,0.0,0.0,0.0,0.0,0.0,0.0,0.0,1.0,0.0,0.0,0.0,1.0,0.0,0.0,0.0,0.0,0.0,30.0,0.0,1.0,0.0,1826.0
0.0,0.0,3.0,0.0,0.0,3.0,0.0,0.0,0.0,1.0,1.0,0.0,0.0,0.0,4.0,0.0,0.0,0.0,0.0,0.0,0.0,0.0,0.0,6987.0,1.0,0.0,0.0,2.0,0.0,0.0,6.0,0.0,Adams,0.0,0.0,1.0,0.0,0.0,0.0,2.0,0.0,0.0,0.0,0.0,0.0,0.0,0.0,0.0,0.0,1.0,0.0,1.0,1.0,0.0,0.0,25.0,0.0,1.0,0.0,1827.0
0.0,0.0,3.0,0.0,0.0,4.0,0.0,0.0,0.0,0.0,0.0,0.0,0.0,0.0,2.0,0.0,0.0,0.0,0.0,0.0,0.0,0.0,0.0,7313.0,2.0,0.0,0.0,3.0,0.0,0.0,8.0,0.0,Adams,0.0,0.0,7.0,0.0,0.0,0.0,0.0,0.0,0.0,0.0,0.0,0.0,0.0,0.0,0.0,0.0,0.0,0.0,1.0,1.0,0.0,0.0,25.0,0.0,4.0,0.0,1828.0
0.0,0.0,0.0,0.0,0.0,2.0,0.0,0.0,0.0,0.0,0.0,0.0,0.0,0.0,1.0,0.0,0.0,0.0,0.0,0.0,1.0,0.0,0.0,3822.0,0.0,0.0,0.0,1.0,0.0,0.0,2.0,0.0,Arthur,0.0,0.0,2.0,0.0,0.0,0.0,0.0,0.0,0.0,0.0,0.0,0.0,1.0,1.0,1.0,0.0,0.0,0.0,1.0,1.0,0.0,0.0,13.0,0.0,0.0,0.0,1881.0
0.0,0.0,0.0,0.0,0.0,0.0,0.0,0.0,0.0,0.0,0.0,0.0,0.0,0.0,4.0,0.0,0.0,0.0,0.0,0.0,0.0,0.0,1.0,3067.0,1.0,0.0,0.0,1.0,0.0,0.0,1.0,0.0,Arthur,0.0,0.0,3.0,0.0,0.0,0.0,0.0,0.0,0.0,0.0,0.0,0.0,0.0,0.0,0.0,0.0,0.0,0.0,0.0,0.0,0.0,0.0,5.0,0.0,0.0,0.0,1882.0
0.0,0.0,0.0,0.0,0.0,1.0,0.0,0.0,0.0,0.0,0.0,0.0,1.0,0.0,3.0,0.0,0.0,0.0,0.0,0.0,0.0,0.0,4.0,3784.0,0.0,0.0,0.0,2.0,0.0,0.0,3.0,0.0,Arthur,0.0,0.0,1.0,1.0,1.0,0.0,0.0,0.0,0.0,0.0,0.0,0.0,0.0,0.0,0.0,0.0,0.0,0.0,1.0,1.0,0.0,0.0,8.0,0.0,0.0,0.0,1883.0
0.0,0.0,7.0,0.0,0.0,3.0,0.0,0.0,0.0,1.0,0.0,0.0,0.0,0.0,2.0,0.0,0.0,0.0,0.0,0.0,0.0,0.0,1.0,8947.0,4.0,0.0,0.0,2.0,0.0,0.0,7.0,0.0,Arthur,0.0,0.0,1.0,0.0,0.0,0.0,0.0,0.0,1.0,0.0,0.0,0.0,0.0,0.0,0.0,0.0,0.0,0.0,1.0,1.0,0.0,0.0,20.0,1.0,0.0,0.0,1884.0
0.0,0.0,3.0,0.0,0.0,2.0,0.0,0.0,1.0,2.0,0.0,0.0,0.0,0.0,10.0,0.0,0.0,0.0,0.0,3.0,0.0,0.0,0.0,13651.0,0.0,0.0,0.0,10.0,0.0,0.0,6.0,0.0,Buchanan,0.0,0.0,1.0,0.0,0.0,0.0,1.0,0.0,0.0,0.0,0.0,0.0,1.0,1.0,0.0,0.0,0.0,0.0,3.0,3.0,0.0,0.0,30.0,0.0,1.0,0.0,1857.0
0.0,0.0,5.0,0.0,0.0,1.0,0.0,0.0,0.0,0.0,0.0,0.0,0.0,0.0,26.0,0.0,0.0,0.0,0.0,2.0,0.0,0.0,0.0,16347.0,0.0,0.0,0.0,7.0,0.0,0.0,6.0,0.0,Buchanan,0.0,0.0,2.0,0.0,0.0,0.0,0.0,0.0,0.0,0.0,0.0,0.0,4.0,3.0,0.0,1.0,0.0,0.0,7.0,7.0,0.0,0.0,34.0,0.0,2.0,0.0,1858.0
0.0,0.0,6.0,0.0,0.0,3.0,0.0,0.0,0.0,2.0,0.0,0.0,0.0,0.0,28.0,0.0,0.0,0.0,0.0,1.0,0.0,0.0,0.0,12336.0,0.0,0.0,0.0,7.0,0.0,0.0,7.0,0.0,Buchanan,0.0,0.0,2.0,0.0,0.0,0.0,2.0,0.0,0.0,0.0,0.0,0.0,5.0,5.0,0.0,0.0,2.0,0.0,3.0,3.0,0.0,0.0,40.0,0.0,1.0,0.0,1859.0
0.0,0.0,5.0,2.0,0.0,4.0,0.0,0.0,0.0,0.0,4.0,2.0,1.0,0.0,19.0,0.0,0.0,0.0,0.0,0.0,0.0,0.0,0.0,14025.0,0.0,0.0,0.0,7.0,0.0,0.0,3.0,0.0,Buchanan,0.0,0.0,3.0,1.0,1.0,0.0,1.0,0.0,0.0,0.0,0.0,0.0,3.0,3.0,0.0,0.0,1.0,0.0,1.0,1.0,0.0,0.0,41.0,0.0,0.0,0.0,1860.0
0.0,0.0,9.0,0.0,0.0,5.0,0.0,0.0,0.0,0.0,1.0,0.0,0.0,0.0,10.0,0.0,0.0,0.0,0.0,0.0,0.0,0.0,0.0,11438.0,0.0,0.0,0.0,4.0,0.0,0.0,5.0,0.0,Buren,0.0,0.0,2.0,0.0,0.0,0.0,0.0,0.0,0.0,0.0,0.0,0.0,0.0,0.0,0.0,0.0,0.0,0.0,1.0,1.0,0.0,0.0,23.0,0.0,1.0,0.0,1837.0
0.0,0.0,3.0,0.0,0.0,3.0,0.0,0.0,0.0,0.0,0.0,0.0,0.0,0.0,10.0,0.0,0.0,0.0,0.0,1.0,0.0,0.0,0.0,11478.0,0.0,0.0,0.0,8.0,0.0,0.0,2.0,0.0,Buren,0.0,0.0,8.0,0.0,0.0,0.0,1.0,0.0,0.0,0.0,0.0,0.0,1.0,1.0,1.0,0.0,0.0,0.0,1.0,1.0,0.0,0.0,29.0,1.0,0.0,0.0,1838.0
0.0,0.0,0.0,0.0,0.0,0.0,0.0,0.0,0.0,0.0,4.0,0.0,0.0,0.0,11.0,0.0,0.0,0.0,0.0,1.0,0.0,0.0,0.0,13419.0,0.0,0.0,0.0,0.0,0.0,0.0,5.0,0.0,Buren,0.0,0.0,3.0,0.0,0.0,0.0,2.0,0.0,0.0,0.0,0.0,0.0,0.0,0.0,0.0,0.0,1.0,0.0,1.0,1.0,0.0,0.0,27.0,0.0,0.0,0.0,1839.0
0.0,0.0,5.0,0.0,0.0,1.0,0.0,0.0,0.0,2.0,1.0,0.0,0.0,0.0,6.0,0.0,0.0,0.0,0.0,2.0,0.0,0.0,0.0,8979.0,1.0,0.0,0.0,1.0,0.0,0.0,2.0,0.0,Buren,0.0,0.0,2.0,2.0,2.0,0.0,1.0,0.0,0.0,0.0,0.0,0.0,1.0,1.0,0.0,0.0,1.0,0.0,6.0,6.0,0.0,0.0,8.0,0.0,0.0,0.0,1840.0
0.0,1.0,0.0,0.0,0.0,1.0,0.0,0.0,0.0,0.0,1.0,1.0,1.0,0.0,11.0,0.0,0.0,0.0,0.0,3.0,0.0,0.0,0.0,4821.0,0.0,0.0,0.0,4.0,0.0,0.0,0.0,3.0,Bush,0.0,0.0,0.0,0.0,0.0,2.0,0.0,0.0,0.0,0.0,0.0,0.0,4.0,4.0,1.0,0.0,0.0,0.0,0.0,0.0,0.0,0.0,15.0,0.0,0.0,0.0,1989.0
0.0,1.0,3.0,1.0,0.0,1.0,0.0,0.0,0.0,0.0,1.0,0.0,0.0,0.0,4.0,0.0,0.0,0.0,0.0,0.0,0.0,0.0,0.0,3770.0,0.0,0.0,0.0,6.0,0.0,0.0,0.0,0.0,Bush,0.0,0.0,0.0,0.0,0.0,5.0,1.0,0.0,0.0,0.0,0.0,0.0,1.0,0.0,0.0,0.0,0.0,0.0,2.0,1.0,0.0,0.0,8.0,0.0,1.0,0.0,1990.0
0.0,0.0,0.0,1.0,1.0,3.0,0.0,0.0,0.0,0.0,1.0,0.0,5.0,0.0,11.0,0.0,0.0,0.0,6.0,0.0,1.0,0.0,0.0,3765.0,1.0,0.0,0.0,1.0,3.0,0.0,0.0,0.0,Bush,0.0,0.0,0.0,1.0,0.0,5.0,9.0,0.0,1.0,1.0,0.0,0.0,2.0,0.0,0.0,0.0,0.0,0.0,0.0,0.0,0.0,0.0,23.0,0.0,0.0,0.0,1991.0
0.0,2.0,1.0,1.0,0.0,1.0,0.0,0.0,0.0,0.0,0.0,0.0,2.0,0.0,6.0,0.0,0.0,0.0,0.0,0.0,1.0,0.0,0.0,4718.0,0.0,0.0,0.0,1.0,8.0,6.0,0.0,4.0,Bush,0.0,0.0,1.0,0.0,0.0,1.0,0.0,0.0,0.0,0.0,0.0,0.0,1.0,0.0,0.0,1.0,0.0,0.0,1.0,1.0,0.0,0.0,12.0,0.0,0.0,0.0,1992.0
0.0,0.0,0.0,0.0,0.0,0.0,0.0,0.0,0.0,0.0,0.0,0.0,3.0,0.0,4.0,0.0,0.0,0.0,0.0,1.0,0.0,0.0,0.0,4395.0,0.0,0.0,0.0,7.0,1.0,0.0,0.0,1.0,Bush,0.0,0.0,0.0,0.0,0.0,0.0,1.0,0.0,1.0,0.0,1.0,1.0,4.0,1.0,0.0,3.0,0.0,0.0,0.0,0.0,0.0,0.0,6.0,0.0,0.0,0.0,2001.0
13.0,0.0,0.0,1.0,1.0,1.0,0.0,0.0,4.0,2.0,2.0,1.0,7.0,0.0,6.0,0.0,0.0,2.0,2.0,2.0,0.0,1.0,1.0,3824.0,1.0,0.0,0.0,4.0,2.0,1.0,1.0,3.0,Bush,0.0,0.0,1.0,2.0,2.0,0.0,0.0,0.0,36.0,3.0,20.0,10.0,7.0,5.0,0.0,1.0,0.0,0.0,3.0,3.0,0.0,0.0,16.0,0.0,0.0,0.0,2002.0
3.0,0.0,0.0,1.0,0.0,0.0,0.0,0.0,1.0,3.0,2.0,0.0,7.0,1.0,6.0,0.0,0.0,3.0,22.0,1.0,1.0,0.0,7.0,5372.0,0.0,0.0,0.0,3.0,3.0,1.0,0.0,12.0,Bush,0.0,0.0,1.0,0.0,0.0,1.0,2.0,0.0,22.0,3.0,13.0,7.0,17.0,2.0,1.0,5.0,0.0,0.0,2.0,2.0,0.0,0.0,19.0,1.0,0.0,0.0,2003.0
5.0,0.0,1.0,1.0,1.0,0.0,0.0,0.0,4.0,0.0,1.0,0.0,2.0,0.0,10.0,0.0,0.0,1.0,24.0,0.0,0.0,0.0,2.0,5171.0,0.0,0.0,0.0,2.0,0.0,0.0,0.0,4.0,Bush,0.0,0.0,0.0,0.0,0.0,0.0,0.0,2.0,20.0,1.0,14.0,10.0,7.0,1.0,0.0,4.0,0.0,0.0,5.0,5.0,0.0,0.0,20.0,0.0,0.0,0.0,2004.0
3.0,1.0,0.0,1.0,0.0,0.0,0.0,0.0,3.0,1.0,2.0,0.0,6.0,0.0,8.0,0.0,0.0,3.0,27.0,0.0,2.0,0.0,1.0,5049.0,2.0,0.0,0.0,4.0,0.0,0.0,0.0,3.0,Bush,0.0,0.0,0.0,1.0,1.0,0.0,0.0,0.0,27.0,1.0,12.0,11.0,2.0,0.0,0.0,0.0,0.0,0.0,1.0,1.0,0.0,0.0,13.0,0.0,0.0,0.0,2005.0
2.0,0.0,0.0,1.0,0.0,1.0,0.0,0.0,4.0,4.0,5.0,1.0,13.0,0.0,7.0,1.0,1.0,6.0,16.0,1.0,1.0,0.0,1.0,5321.0,1.0,0.0,0.0,8.0,0.0,0.0,0.0,3.0,Bush,0.0,3.0,0.0,0.0,0.0,0.0,1.0,0.0,20.0,3.0,11.0,6.0,1.0,0.0,0.0,1.0,0.0,0.0,3.0,2.0,0.0,0.0,13.0,0.0,0.0,0.0,2006.0
4.0,0.0,3.0,2.0,1.0,3.0,0.0,0.0,4.0,10.0,1.0,1.0,10.0,0.0,17.0,0.0,0.0,5.0,34.0,0.0,1.0,0.0,2.0,5598.0,3.0,2.0,0.0,4.0,0.0,0.0,0.0,3.0,Bush,0.0,10.0,2.0,1.0,1.0,0.0,7.0,2.0,22.0,0.0,17.0,14.0,3.0,0.0,0.0,2.0,0.0,0.0,3.0,3.0,0.0,0.0,17.0,0.0,0.0,0.0,2007.0
4.0,0.0,2.0,0.0,1.0,0.0,0.0,0.0,5.0,7.0,0.0,0.0,16.0,0.0,16.0,0.0,1.0,7.0,39.0,0.0,3.0,0.0,1.0,5752.0,4.0,2.0,0.0,6.0,1.0,1.0,0.0,4.0,Bush,0.0,11.0,0.0,2.0,2.0,0.0,2.0,2.0,23.0,0.0,17.0,14.0,2.0,1.0,0.0,1.0,0.0,0.0,10.0,9.0,0.0,0.0,10.0,0.0,0.0,0.0,2008.0
0.0,0.0,0.0,0.0,0.0,4.0,0.0,0.0,0.0,0.0,0.0,0.0,1.0,0.0,2.0,0.0,0.0,0.0,0.0,5.0,0.0,0.0,0.0,4580.0,0.0,0.0,0.0,3.0,0.0,0.0,0.0,7.0,Carter,0.0,0.0,0.0,0.0,0.0,2.0,1.0,0.0,0.0,0.0,0.0,0.0,3.0,2.0,0.0,0.0,0.0,0.0,0.0,0.0,0.0,0.0,16.0,0.0,1.0,0.0,1978.0
0.0,1.0,0.0,0.0,1.0,1.0,0.0,0.0,1.0,0.0,1.0,0.0,4.0,0.0,11.0,0.0,0.0,1.0,0.0,0.0,3.0,0.0,0.0,3243.0,2.0,2.0,0.0,3.0,1.0,1.0,0.0,13.0,Carter,0.0,0.0,0.0,0.0,0.0,6.0,1.0,0.0,0.0,0.0,0.0,0.0,5.0,2.0,1.0,2.0,0.0,0.0,0.0,0.0,0.0,0.0,10.0,0.0,1.0,0.0,1979.0
8.0,0.0,0.0,0.0,0.0,3.0,0.0,0.0,0.0,0.0,1.0,0.0,1.0,0.0,12.0,0.0,0.0,6.0,0.0,1.0,5.0,0.0,1.0,3396.0,0.0,0.0,0.0,13.0,1.0,0.0,0.0,6.0,Carter,0.0,0.0,0.0,0.0,0.0,32.0,2.0,0.0,2.0,2.0,0.0,0.0,10.0,3.0,0.0,1.0,0.0,0.0,4.0,4.0,0.0,0.0,8.0,0.0,1.0,0.0,1980.0
18.0,0.0,3.0,2.0,6.0,10.0,0.0,0.0,0.0,0.0,1.0,0.0,5.0,0.0,83.0,1.0,0.0,15.0,5.0,5.0,13.0,0.0,3.0,33564.0,6.0,2.0,0.0,29.0,6.0,3.0,3.0,45.0,Carter,0.0,0.0,0.0,0.0,0.0,63.0,5.0,0.0,1.0,1.0,0.0,0.0,32.0,16.0,3.0,4.0,0.0,0.0,1.0,1.0,0.0,10.0,68.0,1.0,2.0,0.0,1981.0
0.0,0.0,13.0,1.0,0.0,2.0,0.0,0.0,0.0,0.0,3.0,0.0,0.0,0.0,15.0,0.0,0.0,0.0,0.0,0.0,0.0,0.0,4.0,19746.0,1.0,0.0,0.0,10.0,0.0,0.0,15.0,0.0,Cleveland,0.0,0.0,3.0,5.0,4.0,0.0,1.0,0.0,0.0,0.0,0.0,0.0,5.0,5.0,1.0,0.0,0.0,0.0,3.0,3.0,0.0,0.0,44.0,0.0,0.0,0.0,1885.0
0.0,0.0,5.0,1.0,0.0,2.0,0.0,0.0,1.0,0.0,1.0,0.0,0.0,0.0,8.0,2.0,0.0,0.0,0.0,0.0,0.0,0.0,0.0,15135.0,1.0,0.0,0.0,1.0,0.0,0.0,7.0,0.0,Cleveland,0.0,0.0,1.0,8.0,6.0,0.0,3.0,0.0,1.0,0.0,0.0,0.0,6.0,6.0,1.0,0.0,1.0,0.0,0.0,0.0,0.0,0.0,26.0,0.0,0.0,0.0,1886.0
0.0,0.0,0.0,0.0,0.0,0.0,0.0,0.0,0.0,0.0,1.0,0.0,0.0,0.0,2.0,0.0,0.0,0.0,0.0,0.0,0.0,0.0,0.0,5289.0,0.0,0.0,0.0,0.0,0.0,0.0,0.0,0.0,Cleveland,0.0,0.0,0.0,0.0,0.0,0.0,0.0,0.0,0.0,0.0,0.0,0.0,1.0,1.0,0.0,0.0,0.0,0.0,0.0,0.0,0.0,0.0,5.0,0.0,0.0,0.0,1887.0
0.0,0.0,5.0,1.0,0.0,0.0,0.0,0.0,0.0,0.0,1.0,0.0,0.0,0.0,4.0,0.0,0.0,0.0,0.0,1.0,0.0,0.0,2.0,9020.0,1.0,0.0,0.0,2.0,0.0,0.0,4.0,0.0,Cleveland,0.0,0.0,1.0,2.0,0.0,0.0,1.0,0.0,0.0,0.0,0.0,0.0,0.0,0.0,0.0,0.0,0.0,0.0,0.0,0.0,0.0,0.0,17.0,0.0,0.0,0.0,1888.0
0.0,0.0,13.0,7.0,0.0,5.0,0.0,0.0,0.0,0.0,1.0,0.0,0.0,0.0,12.0,1.0,0.0,1.0,0.0,0.0,0.0,0.0,0.0,12283.0,2.0,0.0,0.0,11.0,0.0,0.0,10.0,0.0,Cleveland,0.0,0.0,2.0,3.0,3.0,0.0,4.0,0.0,1.0,0.0,0.0,0.0,1.0,1.0,0.0,0.0,0.0,0.0,4.0,4.0,0.0,0.0,22.0,0.0,1.0,0.0,1893.0
0.0,0.0,15.0,6.0,0.0,1.0,0.0,0.0,0.0,0.0,3.0,1.0,0.0,0.0,19.0,2.0,0.0,0.0,0.0,0.0,0.0,0.0,2.0,15892.0,1.0,1.0,0.0,9.0,0.0,0.0,18.0,0.0,Cleveland,0.0,0.0,8.0,6.0,5.0,0.0,0.0,0.0,0.0,0.0,0.0,0.0,1.0,1.0,0.0,0.0,0.0,0.0,3.0,3.0,0.0,0.0,42.0,1.0,2.0,0.0,1894.0
0.0,0.0,0.0,0.0,0.0,2.0,0.0,0.0,1.0,0.0,3.0,0.0,0.0,0.0,15.0,0.0,0.0,0.0,0.0,0.0,0.0,0.0,0.0,14671.0,0.0,0.0,0.0,6.0,0.0,0.0,1.0,0.0,Cleveland,0.0,0.0,9.0,1.0,1.0,0.0,6.0,0.0,0.0,0.0,0.0,0.0,6.0,6.0,0.0,0.0,0.0,0.0,0.0,0.0,0.0,0.0,22.0,0.0,0.0,0.0,1895.0
0.0,0.0,7.0,7.0,2.0,4.0,0.0,0.0,1.0,1.0,2.0,0.0,1.0,1.0,18.0,0.0,0.0,0.0,0.0,0.0,0.0,0.0,0.0,15443.0,3.0,0.0,0.0,9.0,0.0,0.0,9.0,0.0,Cleveland,0.0,0.0,1.0,3.0,3.0,0.0,4.0,0.0,0.0,0.0,0.0,0.0,4.0,4.0,0.0,0.0,2.0,0.0,3.0,3.0,0.0,0.0,20.0,0.0,0.0,0.0,1896.0
0.0,0.0,0.0,0.0,1.0,1.0,0.0,0.0,0.0,0.0,1.0,0.0,1.0,0.0,7.0,0.0,0.0,0.0,0.0,1.0,0.0,0.0,0.0,7007.0,0.0,0.0,0.0,2.0,0.0,0.0,0.0,1.0,Clinton,0.0,0.0,0.0,0.0,0.0,0.0,0.0,0.0,1.0,0.0,0.0,0.0,1.0,0.0,0.0,1.0,0.0,0.0,0.0,0.0,0.0,0.0,8.0,0.0,0.0,0.0,1993.0
0.0,1.0,0.0,0.0,0.0,1.0,0.0,0.0,0.0,0.0,2.0,0.0,3.0,0.0,10.0,0.0,0.0,0.0,0.0,3.0,0.0,0.0,1.0,7400.0,0.0,0.0,0.0,4.0,1.0,1.0,0.0,4.0,Clinton,0.0,0.0,7.0,0.0,0.0,2.0,0.0,0.0,2.0,0.0,1.0,1.0,2.0,0.0,0.0,2.0,0.0,0.0,1.0,1.0,0.0,0.0,8.0,0.0,0.0,0.0,1994.0
0.0,0.0,0.0,0.0,2.0,0.0,0.0,0.0,1.0,1.0,2.0,1.0,3.0,0.0,9.0,1.0,0.0,0.0,0.0,1.0,2.0,0.0,2.0,9143.0,1.0,0.0,0.0,3.0,2.0,1.0,0.0,5.0,Clinton,0.0,0.0,3.0,1.0,0.0,0.0,3.0,0.0,7.0,1.0,5.0,3.0,4.0,2.0,0.0,0.0,0.0,0.0,1.0,1.0,0.0,0.0,18.0,0.0,0.0,0.0,1995.0
0.0,0.0,0.0,1.0,0.0,1.0,0.0,0.0,0.0,0.0,1.0,0.0,6.0,0.0,10.0,2.0,0.0,0.0,0.0,0.0,0.0,0.0,2.0,6283.0,0.0,0.0,0.0,2.0,1.0,0.0,0.0,5.0,Clinton,0.0,0.0,3.0,0.0,0.0,0.0,0.0,0.0,3.0,2.0,1.0,1.0,4.0,0.0,0.0,3.0,0.0,0.0,2.0,2.0,0.0,2.0,11.0,0.0,0.0,0.0,1996.0
0.0,0.0,2.0,0.0,0.0,4.0,0.0,0.0,0.0,2.0,0.0,0.0,5.0,0.0,11.0,1.0,0.0,0.0,0.0,2.0,0.0,0.0,3.0,6742.0,0.0,0.0,0.0,1.0,0.0,0.0,0.0,5.0,Clinton,0.0,0.0,2.0,0.0,0.0,0.0,0.0,0.0,3.0,1.0,1.0,1.0,4.0,1.0,1.0,1.0,0.0,0.0,2.0,2.0,0.0,1.0,13.0,0.0,1.0,0.0,1997.0
0.0,1.0,2.0,1.0,2.0,0.0,1.0,0.0,0.0,2.0,1.0,1.0,3.0,0.0,5.0,0.0,0.0,0.0,2.0,2.0,0.0,0.0,2.0,7283.0,0.0,0.0,0.0,2.0,1.0,1.0,0.0,4.0,Clinton,0.0,0.0,1.0,2.0,2.0,0.0,1.0,0.0,3.0,0.0,2.0,2.0,4.0,1.0,0.0,1.0,0.0,0.0,3.0,3.0,0.0,1.0,12.0,0.0,0.0,0.0,1998.0
0.0,1.0,0.0,0.0,0.0,0.0,0.0,0.0,0.0,0.0,0.0,0.0,2.0,0.0,7.0,0.0,0.0,0.0,5.0,3.0,2.0,0.0,2.0,7472.0,0.0,0.0,0.0,1.0,2.0,2.0,0.0,5.0,Clinton,0.0,0.0,2.0,0.0,0.0,1.0,1.0,0.0,6.0,2.0,1.0,1.0,5.0,2.0,0.0,2.0,0.0,0.0,3.0,3.0,0.0,0.0,13.0,0.0,1.0,0.0,1999.0
0.0,0.0,0.0,1.0,1.0,2.0,0.0,0.0,0.0,1.0,0.0,0.0,6.0,0.0,10.0,0.0,0.0,1.0,1.0,1.0,0.0,0.0,1.0,7387.0,0.0,0.0,0.0,1.0,3.0,0.0,0.0,4.0,Clinton,0.0,0.0,7.0,2.0,2.0,1.0,0.0,0.0,3.0,0.0,1.0,1.0,7.0,4.0,0.0,2.0,0.0,0.0,1.0,1.0,0.0,0.0,29.0,0.0,0.0,0.0,2000.0
0.0,0.0,5.0,0.0,0.0,0.0,0.0,0.0,0.0,0.0,0.0,0.0,0.0,0.0,7.0,0.0,0.0,0.0,0.0,0.0,0.0,0.0,0.0,6701.0,2.0,1.0,0.0,0.0,0.0,0.0,5.0,0.0,Coolidge,0.0,0.0,6.0,0.0,0.0,0.0,0.0,0.0,0.0,0.0,0.0,0.0,1.0,1.0,0.0,0.0,1.0,0.0,0.0,0.0,0.0,0.0,19.0,0.0,1.0,0.0,1923.0
0.0,0.0,5.0,0.0,0.0,0.0,0.0,0.0,1.0,0.0,0.0,0.0,0.0,0.0,8.0,0.0,0.0,0.0,0.0,0.0,0.0,0.0,0.0,6964.0,3.0,0.0,0.0,3.0,0.0,0.0,8.0,0.0,Coolidge,0.0,0.0,0.0,0.0,0.0,0.0,0.0,0.0,1.0,0.0,0.0,0.0,2.0,2.0,0.0,0.0,0.0,0.0,0.0,0.0,0.0,0.0,22.0,0.0,1.0,0.0,1924.0
0.0,0.0,7.0,2.0,0.0,1.0,0.0,0.0,0.0,0.0,0.0,0.0,0.0,0.0,18.0,0.0,0.0,0.0,0.0,0.0,0.0,0.0,0.0,10843.0,4.0,2.0,0.0,7.0,0.0,0.0,10.0,0.0,Coolidge,0.0,0.0,1.0,0.0,0.0,0.0,0.0,0.0,0.0,0.0,0.0,0.0,1.0,1.0,0.0,0.0,0.0,0.0,0.0,0.0,0.0,0.0,36.0,0.0,2.0,0.0,1925.0
0.0,0.0,8.0,0.0,0.0,4.0,0.0,0.0,1.0,1.0,2.0,1.0,0.0,0.0,11.0,0.0,0.0,0.0,0.0,1.0,0.0,0.0,0.0,10308.0,5.0,1.0,0.0,4.0,0.0,0.0,5.0,0.0,Coolidge,0.0,0.0,0.0,0.0,0.0,0.0,0.0,0.0,0.0,0.0,0.0,0.0,1.0,1.0,0.0,0.0,0.0,0.0,2.0,2.0,0.0,0.0,37.0,2.0,3.0,0.0,1926.0
0.0,0.0,4.0,0.0,0.0,0.0,0.0,0.0,0.0,0.0,1.0,0.0,0.0,0.0,12.0,0.0,0.0,0.0,0.0,0.0,0.0,0.0,0.0,8777.0,4.0,1.0,0.0,4.0,0.0,0.0,4.0,0.0,Coolidge,0.0,0.0,0.0,0.0,0.0,0.0,0.0,0.0,0.0,0.0,0.0,0.0,2.0,1.0,0.0,0.0,0.0,0.0,0.0,0.0,0.0,0.0,18.0,0.0,1.0,1.0,1927.0
0.0,0.0,6.0,2.0,0.0,0.0,0.0,0.0,0.0,0.0,0.0,0.0,0.0,0.0,7.0,0.0,0.0,0.0,0.0,0.0,0.0,0.0,0.0,8060.0,3.0,0.0,0.0,1.0,0.0,0.0,3.0,0.0,Coolidge,0.0,0.0,0.0,0.0,0.0,0.0,0.0,0.0,0.0,0.0,0.0,0.0,2.0,2.0,0.0,0.0,0.0,0.0,0.0,0.0,0.0,0.0,20.0,1.0,1.0,0.0,1928.0
0.0,0.0,0.0,2.0,1.0,0.0,0.0,0.0,0.0,0.0,0.0,0.0,1.0,0.0,11.0,0.0,0.0,1.0,0.0,0.0,0.0,0.0,6.0,5974.0,0.0,0.0,0.0,15.0,0.0,0.0,1.0,2.0,Eisenhower,0.0,0.0,0.0,0.0,0.0,2.0,1.0,0.0,0.0,0.0,0.0,0.0,5.0,3.0,0.0,0.0,0.0,0.0,0.0,0.0,0.0,0.0,23.0,0.0,0.0,2.0,1954.0
0.0,0.0,0.0,2.0,6.0,0.0,0.0,0.0,0.0,1.0,0.0,0.0,1.0,1.0,22.0,0.0,0.0,1.0,0.0,0.0,0.0,0.0,1.0,7234.0,1.0,0.0,0.0,28.0,0.0,0.0,1.0,3.0,Eisenhower,0.0,0.0,0.0,0.0,0.0,2.0,3.0,0.0,0.0,0.0,0.0,0.0,4.0,1.0,0.0,0.0,0.0,0.0,0.0,0.0,0.0,0.0,28.0,1.0,0.0,0.0,1955.0
0.0,0.0,0.0,0.0,2.0,2.0,0.0,0.0,0.0,0.0,4.0,0.0,1.0,0.0,8.0,0.0,0.0,1.0,1.0,0.0,1.0,0.0,2.0,8245.0,0.0,0.0,0.0,16.0,1.0,1.0,0.0,2.0,Eisenhower,0.0,0.0,0.0,0.0,0.0,3.0,0.0,0.0,0.0,0.0,0.0,0.0,6.0,1.0,0.0,1.0,0.0,0.0,0.0,0.0,1.0,0.0,38.0,1.0,0.0,2.0,1956.0
0.0,0.0,0.0,0.0,0.0,0.0,0.0,0.0,0.0,2.0,1.0,0.0,0.0,0.0,8.0,0.0,0.0,0.0,0.0,0.0,0.0,0.0,0.0,4129.0,0.0,0.0,0.0,8.0,1.0,0.0,0.0,1.0,Eisenhower,0.0,0.0,0.0,0.0,0.0,1.0,3.0,0.0,0.0,0.0,0.0,0.0,5.0,1.0,0.0,0.0,0.0,0.0,0.0,0.0,0.0,0.0,10.0,0.0,1.0,0.0,1957.0
0.0,0.0,0.0,0.0,0.0,1.0,0.0,0.0,0.0,1.0,1.0,0.0,0.0,0.0,9.0,0.0,0.0,0.0,0.0,0.0,0.0,0.0,1.0,4911.0,3.0,1.0,0.0,29.0,15.0,8.0,1.0,2.0,Eisenhower,0.0,0.0,0.0,0.0,0.0,14.0,0.0,0.0,1.0,0.0,0.0,0.0,8.0,1.0,0.0,0.0,0.0,0.0,0.0,0.0,0.0,0.0,19.0,0.0,0.0,0.0,1958.0
0.0,0.0,0.0,0.0,0.0,1.0,0.0,0.0,1.0,0.0,4.0,0.0,2.0,0.0,11.0,0.0,0.0,0.0,0.0,0.0,0.0,0.0,0.0,4869.0,2.0,2.0,0.0,10.0,7.0,2.0,0.0,0.0,Eisenhower,0.0,0.0,0.0,0.0,0.0,1.0,0.0,0.0,0.0,0.0,0.0,0.0,3.0,1.0,0.0,1.0,0.0,0.0,0.0,0.0,0.0,0.0,20.0,0.0,0.0,0.0,1959.0
0.0,0.0,1.0,0.0,1.0,0.0,0.0,0.0,0.0,0.0,0.0,0.0,1.0,0.0,12.0,0.0,0.0,0.0,0.0,0.0,0.0,0.0,0.0,5628.0,2.0,1.0,0.0,4.0,5.0,3.0,0.0,5.0,Eisenhower,0.0,0.0,0.0,0.0,0.0,6.0,0.0,0.0,0.0,0.0,0.0,0.0,4.0,3.0,0.0,0.0,0.0,0.0,0.0,0.0,0.0,0.0,19.0,0.0,0.0,0.0,1960.0
0.0,0.0,1.0,0.0,3.0,1.0,0.0,0.0,0.0,0.0,0.0,0.0,2.0,1.0,14.0,0.0,0.0,1.0,0.0,1.0,0.0,0.0,3.0,6188.0,3.0,3.0,0.0,5.0,5.0,3.0,0.0,6.0,Eisenhower,0.0,0.0,1.0,1.0,1.0,3.0,1.0,0.0,0.0,0.0,0.0,0.0,3.0,0.0,0.0,1.0,0.0,0.0,0.0,0.0,0.0,0.0,25.0,2.0,1.0,0.0,1961.0
0.0,0.0,3.0,0.0,0.0,2.0,0.0,0.0,0.0,0.0,0.0,0.0,0.0,0.0,6.0,0.0,0.0,0.0,0.0,0.0,0.0,0.0,0.0,8318.0,0.0,0.0,0.0,4.0,0.0,0.0,8.0,0.0,Fillmore,0.0,0.0,0.0,1.0,1.0,0.0,1.0,0.0,1.0,0.0,0.0,0.0,0.0,0.0,0.0,0.0,0.0,0.0,0.0,0.0,0.0,0.0,12.0,0.0,3.0,0.0,1850.0
0.0,0.0,4.0,0.0,0.0,3.0,0.0,0.0,0.0,0.0,1.0,0.0,0.0,0.0,13.0,0.0,0.0,0.0,0.0,0.0,0.0,0.0,0.0,13243.0,1.0,0.0,0.0,12.0,0.0,0.0,12.0,0.0,Fillmore,0.0,0.0,0.0,0.0,0.0,0.0,1.0,0.0,0.0,0.0,0.0,0.0,1.0,1.0,0.0,0.0,0.0,0.0,7.0,7.0,0.0,0.0,25.0,1.0,1.0,0.0,1851.0
0.0,0.0,3.0,1.0,0.0,1.0,0.0,0.0,0.0,0.0,2.0,0.0,1.0,0.0,6.0,1.0,0.0,0.0,0.0,0.0,0.0,0.0,0.0,9922.0,2.0,0.0,0.0,3.0,0.0,0.0,13.0,0.0,Fillmore,0.0,0.0,0.0,0.0,0.0,0.0,1.0,0.0,0.0,0.0,0.0,0.0,0.0,0.0,0.0,0.0,0.0,0.0,0.0,0.0,0.0,0.0,22.0,0.0,3.0,0.0,1852.0
0.0,0.0,0.0,0.0,0.0,2.0,0.0,0.0,0.0,0.0,0.0,0.0,0.0,0.0,3.0,0.0,0.0,0.0,0.0,4.0,0.0,0.0,1.0,4103.0,0.0,0.0,0.0,6.0,0.0,0.0,0.0,6.0,Ford,0.0,0.0,0.0,0.0,0.0,2.0,1.0,0.0,0.0,0.0,0.0,0.0,1.0,1.0,0.0,0.0,0.0,0.0,0.0,0.0,0.0,1.0,5.0,0.0,0.0,0.0,1975.0
0.0,0.0,0.0,0.0,0.0,4.0,0.0,0.0,1.0,0.0,4.0,1.0,1.0,0.0,13.0,0.0,0.0,0.0,0.0,0.0,0.0,0.0,0.0,4951.0,0.0,0.0,0.0,5.0,1.0,1.0,0.0,3.0,Ford,0.0,0.0,0.0,1.0,1.0,0.0,0.0,0.0,0.0,0.0,0.0,0.0,2.0,0.0,0.0,0.0,0.0,0.0,0.0,0.0,0.0,0.0,14.0,0.0,0.0,0.0,1976.0
0.0,0.0,0.0,2.0,0.0,2.0,0.0,0.0,0.0,0.0,1.0,0.0,1.0,0.0,12.0,0.0,0.0,0.0,0.0,0.0,1.0,0.0,1.0,4640.0,2.0,0.0,0.0,3.0,2.0,0.0,0.0,7.0,Ford,0.0,0.0,0.0,1.0,1.0,2.0,0.0,0.0,0.0,0.0,0.0,0.0,1.0,1.0,0.0,0.0,0.0,0.0,0.0,0.0,0.0,2.0,18.0,1.0,1.0,0.0,1977.0
0.0,0.0,8.0,0.0,0.0,1.0,0.0,0.0,0.0,0.0,0.0,0.0,0.0,0.0,4.0,0.0,0.0,0.0,0.0,0.0,0.0,0.0,0.0,7702.0,2.0,0.0,0.0,4.0,0.0,0.0,3.0,0.0,Grant,0.0,0.0,3.0,1.0,1.0,0.0,4.0,0.0,0.0,0.0,0.0,0.0,1.0,1.0,1.0,0.0,0.0,0.0,3.0,3.0,0.0,0.0,25.0,0.0,1.0,0.0,1869.0
0.0,0.0,6.0,0.0,0.0,1.0,0.0,0.0,0.0,1.0,1.0,0.0,0.0,0.0,4.0,0.0,0.0,0.0,0.0,0.0,0.0,0.0,0.0,8736.0,4.0,0.0,0.0,3.0,0.0,0.0,6.0,0.0,Grant,0.0,0.0,1.0,2.0,2.0,0.0,1.0,0.0,0.0,0.0,0.0,0.0,1.0,1.0,0.0,0.0,0.0,0.0,0.0,0.0,0.0,0.0,31.0,0.0,0.0,0.0,1870.0
0.0,0.0,2.0,0.0,0.0,1.0,0.0,0.0,0.0,0.0,0.0,0.0,0.0,0.0,9.0,0.0,0.0,0.0,0.0,0.0,0.0,0.0,2.0,6458.0,2.0,0.0,0.0,2.0,0.0,0.0,7.0,0.0,Grant,0.0,0.0,2.0,0.0,0.0,0.0,1.0,0.0,0.0,0.0,0.0,0.0,1.0,0.0,0.0,1.0,0.0,0.0,0.0,0.0,0.0,0.0,16.0,0.0,0.0,0.0,1871.0
0.0,0.0,0.0,0.0,0.0,1.0,0.0,0.0,0.0,0.0,0.0,0.0,0.0,0.0,2.0,0.0,0.0,0.0,0.0,0.0,0.0,0.0,0.0,3989.0,0.0,0.0,0.0,1.0,0.0,0.0,1.0,0.0,Grant,0.0,0.0,2.0,0.0,0.0,0.0,0.0,0.0,0.0,0.0,0.0,0.0,3.0,3.0,0.0,0.0,0.0,0.0,2.0,2.0,0.0,0.0,19.0,0.0,0.0,0.0,1872.0
0.0,0.0,4.0,0.0,0.0,1.0,0.0,0.0,0.0,0.0,0.0,0.0,0.0,0.0,7.0,0.0,0.0,0.0,0.0,1.0,0.0,0.0,0.0,10022.0,2.0,1.0,0.0,4.0,0.0,0.0,11.0,0.0,Grant,0.0,0.0,2.0,2.0,2.0,0.0,1.0,0.0,0.0,0.0,0.0,0.0,2.0,2.0,0.0,0.0,0.0,0.0,2.0,2.0,0.0,0.0,32.0,0.0,0.0,0.0,1873.0
0.0,0.0,4.0,0.0,0.0,2.0,0.0,0.0,0.0,0.0,2.0,0.0,0.0,0.0,8.0,0.0,0.0,0.0,0.0,0.0,0.0,0.0,0.0,9194.0,0.0,0.0,0.0,2.0,0.0,0.0,5.0,0.0,Grant,0.0,0.0,2.0,1.0,1.0,0.0,0.0,0.0,1.0,0.0,0.0,0.0,3.0,1.0,0.0,2.0,0.0,0.0,2.0,2.0,0.0,0.0,17.0,1.0,0.0,0.0,1874.0
0.0,0.0,3.0,0.0,0.0,8.0,0.0,0.0,0.0,0.0,1.0,0.0,2.0,0.0,9.0,0.0,0.0,0.0,0.0,0.0,0.0,0.0,0.0,12203.0,3.0,0.0,0.0,2.0,0.0,0.0,10.0,0.0,Grant,0.0,0.0,0.0,0.0,0.0,0.0,1.0,0.0,0.0,0.0,0.0,0.0,2.0,2.0,0.0,0.0,0.0,0.0,1.0,1.0,0.0,0.0,27.0,2.0,0.0,0.0,1875.0
0.0,0.0,6.0,0.0,0.0,1.0,0.0,0.0,0.0,2.0,0.0,0.0,0.0,0.0,5.0,0.0,0.0,0.0,0.0,0.0,0.0,0.0,0.0,6793.0,0.0,0.0,0.0,0.0,0.0,0.0,7.0,0.0,Grant,0.0,0.0,1.0,0.0,0.0,0.0,1.0,0.0,0.0,0.0,0.0,0.0,2.0,1.0,0.0,1.0,1.0,0.0,2.0,2.0,0.0,0.0,21.0,0.0,0.0,0.0,1876.0
0.0,0.0,0.0,0.0,0.0,4.0,0.0,0.0,0.0,0.0,0.0,0.0,0.0,0.0,1.0,0.0,0.0,0.0,0.0,0.0,0.0,0.0,0.0,5604.0,6.0,0.0,0.0,0.0,0.0,0.0,0.0,0.0,Harding,0.0,0.0,6.0,1.0,1.0,0.0,0.0,0.0,0.0,0.0,0.0,0.0,0.0,0.0,0.0,0.0,0.0,0.0,0.0,0.0,0.0,0.0,23.0,2.0,0.0,0.0,1921.0
0.0,0.0,0.0,0.0,0.0,2.0,0.0,0.0,0.0,0.0,0.0,0.0,0.0,0.0,9.0,0.0,0.0,0.0,0.0,1.0,0.0,0.0,0.0,5744.0,0.0,0.0,0.0,0.0,0.0,0.0,0.0,0.0,Harding,0.0,0.0,0.0,0.0,0.0,0.0,1.0,0.0,0.0,0.0,0.0,0.0,5.0,4.0,0.0,0.0,0.0,0.0,0.0,0.0,0.0,0.0,26.0,0.0,0.0,0.0,1922.0
0.0,0.0,4.0,3.0,0.0,2.0,0.0,0.0,1.0,0.0,1.0,0.0,2.0,0.0,13.0,0.0,0.0,0.0,0.0,0.0,0.0,0.0,1.0,13001.0,3.0,0.0,0.0,4.0,0.0,0.0,6.0,0.0,Harrison,0.0,0.0,1.0,4.0,1.0,0.0,0.0,0.0,0.0,0.0,0.0,0.0,0.0,0.0,0.0,0.0,0.0,0.0,3.0,3.0,0.0,0.0,24.0,0.0,0.0,0.0,1889.0
0.0,0.0,2.0,0.0,0.0,3.0,0.0,0.0,0.0,0.0,3.0,1.0,0.0,0.0,10.0,0.0,0.0,0.0,0.0,0.0,0.0,0.0,0.0,11522.0,1.0,0.0,0.0,2.0,0.0,0.0,1.0,0.0,Harrison,0.0,0.0,1.0,2.0,1.0,0.0,0.0,0.0,0.0,0.0,0.0,0.0,3.0,3.0,0.0,0.0,0.0,0.0,0.0,0.0,0.0,0.0,16.0,0.0,0.0,0.0,1890.0
0.0,0.0,4.0,0.0,0.0,1.0,0.0,0.0,1.0,0.0,1.0,0.0,0.0,0.0,12.0,0.0,0.0,0.0,0.0,0.0,0.0,0.0,0.0,16292.0,3.0,0.0,0.0,1.0,0.0,0.0,8.0,0.0,Harrison,0.0,0.0,3.0,3.0,3.0,0.0,3.0,0.0,0.0,0.0,0.0,0.0,4.0,3.0,0.0,1.0,0.0,0.0,0.0,0.0,0.0,0.0,22.0,0.0,1.0,0.0,1891.0
0.0,0.0,1.0,0.0,0.0,1.0,0.0,0.0,0.0,0.0,0.0,0.0,0.0,0.0,2.0,0.0,0.0,0.0,0.0,0.0,0.0,0.0,0.0,13678.0,3.0,0.0,0.0,1.0,0.0,0.0,9.0,0.0,Harrison,0.0,0.0,0.0,1.0,1.0,0.0,1.0,0.0,0.0,0.0,0.0,0.0,7.0,5.0,0.0,0.0,0.0,0.0,0.0,0.0,0.0,0.0,20.0,0.0,0.0,0.0,1892.0
0.0,0.0,10.0,1.0,0.0,0.0,0.0,0.0,0.0,0.0,1.0,0.0,0.0,0.0,6.0,1.0,0.0,0.0,0.0,0.0,0.0,0.0,0.0,8017.0,0.0,0.0,0.0,5.0,0.0,0.0,2.0,0.0,Hayes,0.0,0.0,2.0,1.0,1.0,0.0,0.0,0.0,0.0,0.0,0.0,0.0,1.0,1.0,0.0,0.0,0.0,0.0,4.0,4.0,0.0,0.0,18.0,0.0,0.0,0.0,1877.0
0.0,0.0,5.0,0.0,0.0,2.0,0.0,0.0,0.0,0.0,1.0,0.0,0.0,0.0,12.0,0.0,0.0,0.0,0.0,0.0,0.0,0.0,0.0,7881.0,1.0,0.0,0.0,2.0,0.0,0.0,2.0,0.0,Hayes,0.0,0.0,0.0,1.0,0.0,0.0,0.0,0.0,0.0,0.0,0.0,0.0,1.0,1.0,0.0,0.0,0.0,0.0,3.0,3.0,0.0,0.0,14.0,0.0,0.0,0.0,1878.0
0.0,0.0,3.0,0.0,0.0,0.0,0.0,0.0,0.0,0.0,0.0,0.0,0.0,0.0,16.0,0.0,0.0,1.0,0.0,0.0,0.0,0.0,0.0,11632.0,2.0,0.0,0.0,8.0,0.0,0.0,3.0,0.0,Hayes,0.0,0.0,2.0,0.0,0.0,0.0,0.0,0.0,0.0,0.0,0.0,0.0,0.0,0.0,0.0,0.0,0.0,0.0,1.0,1.0,0.0,0.0,22.0,0.0,0.0,0.0,1879.0
0.0,0.0,0.0,0.0,0.0,2.0,0.0,0.0,0.0,0.0,0.0,0.0,1.0,0.0,7.0,0.0,0.0,0.0,0.0,0.0,0.0,0.0,0.0,6697.0,2.0,0.0,0.0,2.0,0.0,0.0,1.0,0.0,Hayes,0.0,0.0,1.0,0.0,0.0,0.0,0.0,0.0,0.0,0.0,0.0,0.0,1.0,1.0,0.0,0.0,0.0,0.0,0.0,0.0,0.0,0.0,11.0,0.0,0.0,0.0,1880.0
0.0,0.0,7.0,0.0,0.0,5.0,0.0,0.0,0.0,2.0,3.0,1.0,0.0,0.0,30.0,0.0,0.0,0.0,0.0,2.0,0.0,0.0,0.0,10993.0,9.0,3.0,0.0,0.0,0.0,0.0,4.0,0.0,Hoover,0.0,0.0,1.0,2.0,2.0,0.0,0.0,0.0,0.0,0.0,0.0,0.0,3.0,2.0,0.0,0.0,1.0,0.0,0.0,0.0,0.0,0.0,29.0,0.0,0.0,0.0,1929.0
0.0,0.0,1.0,0.0,0.0,0.0,0.0,0.0,0.0,0.0,2.0,0.0,0.0,0.0,5.0,0.0,0.0,0.0,0.0,0.0,0.0,0.0,0.0,4546.0,0.0,0.0,0.0,1.0,0.0,0.0,4.0,0.0,Hoover,0.0,0.0,1.0,0.0,0.0,0.0,0.0,0.0,0.0,0.0,0.0,0.0,0.0,0.0,0.0,0.0,0.0,0.0,0.0,0.0,0.0,0.0,8.0,0.0,1.0,0.0,1930.0
0.0,1.0,2.0,0.0,0.0,3.0,0.0,0.0,0.0,0.0,0.0,0.0,0.0,0.0,4.0,0.0,0.0,0.0,0.0,3.0,0.0,0.0,0.0,5686.0,3.0,1.0,0.0,2.0,0.0,0.0,2.0,0.0,Hoover,0.0,0.0,0.0,0.0,0.0,0.0,0.0,0.0,0.0,0.0,0.0,0.0,2.0,2.0,0.0,0.0,0.0,0.0,0.0,0.0,0.0,0.0,10.0,0.0,0.0,0.0,1931.0
0.0,0.0,0.0,0.0,0.0,1.0,0.0,0.0,0.0,0.0,1.0,1.0,1.0,0.0,6.0,0.0,0.0,0.0,0.0,4.0,0.0,0.0,0.0,4210.0,0.0,0.0,0.0,0.0,0.0,0.0,0.0,0.0,Hoover,0.0,0.0,0.0,0.0,0.0,0.0,1.0,0.0,0.0,0.0,0.0,0.0,0.0,0.0,0.0,0.0,0.0,0.0,0.0,0.0,0.0,0.0,12.0,0.0,0.0,0.0,1932.0
0.0,0.0,4.0,0.0,0.0,2.0,0.0,0.0,0.0,0.0,0.0,0.0,0.0,0.0,6.0,0.0,0.0,1.0,0.0,0.0,0.0,0.0,0.0,10523.0,2.0,0.0,0.0,4.0,0.0,0.0,8.0,0.0,Jackson,0.0,0.0,2.0,2.0,1.0,0.0,0.0,0.0,0.0,0.0,0.0,0.0,0.0,0.0,0.0,0.0,1.0,0.0,1.0,1.0,0.0,0.0,25.0,1.0,0.0,0.0,1829.0
0.0,0.0,1.0,0.0,0.0,2.0,0.0,0.0,1.0,0.0,6.0,1.0,0.0,0.0,4.0,0.0,0.0,1.0,0.0,0.0,0.0,0.0,0.0,15072.0,0.0,0.0,0.0,0.0,0.0,0.0,3.0,0.0,Jackson,0.0,0.0,2.0,0.0,0.0,0.0,1.0,0.0,1.0,0.0,0.0,0.0,2.0,2.0,0.0,0.0,0.0,0.0,0.0,0.0,0.0,0.0,14.0,1.0,0.0,0.0,1830.0
0.0,1.0,0.0,0.0,0.0,1.0,0.0,0.0,0.0,0.0,1.0,0.0,0.0,0.0,7.0,0.0,0.0,0.0,0.0,1.0,0.0,0.0,0.0,7189.0,0.0,0.0,0.0,0.0,0.0,0.0,1.0,0.0,Jackson,0.0,0.0,2.0,0.0,0.0,0.0,0.0,0.0,0.0,0.0,0.0,0.0,1.0,1.0,0.0,0.0,0.0,0.0,1.0,1.0,0.0,0.0,12.0,0.0,1.0,0.0,1831.0
0.0,0.0,2.0,0.0,0.0,1.0,0.0,0.0,0.0,0.0,1.0,0.0,0.0,0.0,5.0,0.0,0.0,0.0,0.0,0.0,0.0,0.0,0.0,7875.0,0.0,0.0,0.0,1.0,0.0,0.0,3.0,0.0,Jackson,0.0,0.0,1.0,0.0,0.0,0.0,1.0,0.0,1.0,0.0,0.0,0.0,1.0,1.0,1.0,0.0,0.0,0.0,2.0,2.0,0.0,0.0,23.0,1.0,3.0,0.0,1832.0
0.0,0.0,2.0,0.0,0.0,1.0,0.0,0.0,0.0,0.0,1.0,1.0,0.0,0.0,5.0,0.0,0.0,0.0,0.0,0.0,0.0,0.0,0.0,7901.0,0.0,0.0,0.0,2.0,0.0,0.0,3.0,0.0,Jackson,0.0,0.0,1.0,0.0,0.0,0.0,2.0,0.0,0.0,0.0,0.0,0.0,0.0,0.0,0.0,0.0,0.0,0.0,0.0,0.0,0.0,0.0,17.0,0.0,2.0,0.0,1833.0
0.0,0.0,3.0,0.0,0.0,4.0,0.0,0.0,0.0,3.0,4.0,1.0,0.0,0.0,8.0,0.0,0.0,0.0,0.0,0.0,0.0,0.0,0.0,13446.0,0.0,0.0,0.0,3.0,0.0,0.0,5.0,0.0,Jackson,0.0,0.0,2.0,0.0,0.0,0.0,1.0,0.0,0.0,0.0,0.0,0.0,1.0,1.0,0.0,0.0,1.0,0.0,1.0,1.0,0.0,0.0,15.0,1.0,0.0,0.0,1834.0
0.0,0.0,2.0,0.0,0.0,0.0,0.0,0.0,0.0,0.0,5.0,2.0,0.0,0.0,5.0,0.0,0.0,0.0,0.0,0.0,0.0,0.0,0.0,10809.0,0.0,0.0,0.0,4.0,0.0,0.0,2.0,0.0,Jackson,0.0,0.0,2.0,0.0,0.0,0.0,1.0,0.0,0.0,0.0,0.0,0.0,0.0,0.0,0.0,0.0,0.0,0.0,0.0,0.0,0.0,0.0,15.0,0.0,0.0,0.0,1835.0
0.0,0.0,5.0,0.0,0.0,2.0,0.0,0.0,0.0,2.0,3.0,0.0,0.0,0.0,11.0,0.0,0.0,0.0,0.0,2.0,0.0,0.0,0.0,12355.0,1.0,0.0,0.0,4.0,0.0,0.0,5.0,0.0,Jackson,0.0,0.0,2.0,1.0,1.0,0.0,4.0,0.0,0.0,0.0,0.0,0.0,1.0,1.0,0.0,0.0,0.0,0.0,6.0,6.0,0.0,0.0,21.0,0.0,0.0,0.0,1836.0
0.0,0.0,2.0,0.0,0.0,0.0,0.0,0.0,0.0,2.0,0.0,0.0,0.0,0.0,6.0,0.0,0.0,0.0,0.0,0.0,0.0,0.0,0.0,3224.0,0.0,0.0,0.0,2.0,0.0,0.0,1.0,0.0,Jefferson,0.0,0.0,0.0,0.0,0.0,0.0,0.0,0.0,0.0,0.0,0.0,0.0,2.0,2.0,1.0,0.0,0.0,0.0,0.0,0.0,0.0,0.0,12.0,0.0,3.0,0.0,1801.0
0.0,0.0,0.0,0.0,0.0,0.0,0.0,0.0,0.0,0.0,0.0,0.0,0.0,0.0,4.0,0.0,0.0,0.0,0.0,0.0,0.0,0.0,0.0,2201.0,0.0,0.0,0.0,1.0,0.0,0.0,3.0,0.0,Jefferson,0.0,0.0,0.0,0.0,0.0,0.0,0.0,0.0,0.0,0.0,0.0,0.0,0.0,0.0,0.0,0.0,0.0,0.0,1.0,1.0,0.0,0.0,9.0,1.0,0.0,0.0,1802.0
0.0,0.0,0.0,0.0,0.0,1.0,0.0,0.0,0.0,0.0,0.0,0.0,0.0,0.0,2.0,0.0,0.0,0.0,0.0,0.0,0.0,0.0,0.0,2279.0,0.0,0.0,0.0,0.0,0.0,0.0,0.0,0.0,Jefferson,0.0,0.0,0.0,0.0,0.0,0.0,0.0,0.0,0.0,0.0,0.0,0.0,1.0,1.0,1.0,0.0,0.0,0.0,0.0,0.0,0.0,0.0,8.0,0.0,1.0,0.0,1803.0
0.0,0.0,0.0,0.0,0.0,0.0,0.0,0.0,0.0,0.0,0.0,0.0,0.0,0.0,7.0,0.0,0.0,0.0,0.0,0.0,0.0,0.0,0.0,2101.0,0.0,0.0,0.0,2.0,0.0,0.0,0.0,0.0,Jefferson,0.0,0.0,0.0,0.0,0.0,0.0,0.0,0.0,0.0,0.0,0.0,0.0,0.0,0.0,0.0,0.0,0.0,0.0,0.0,0.0,0.0,0.0,15.0,0.0,0.0,0.0,1804.0
0.0,0.0,0.0,0.0,0.0,1.0,0.0,0.0,1.0,2.0,1.0,1.0,0.0,0.0,5.0,0.0,0.0,0.0,0.0,0.0,0.0,0.0,0.0,2943.0,0.0,0.0,0.0,0.0,0.0,0.0,0.0,0.0,Jefferson,0.0,0.0,0.0,1.0,1.0,0.0,0.0,0.0,0.0,0.0,0.0,0.0,1.0,1.0,1.0,0.0,0.0,0.0,2.0,2.0,0.0,0.0,12.0,1.0,0.0,0.0,1805.0
0.0,0.0,0.0,0.0,0.0,0.0,0.0,0.0,0.0,1.0,0.0,0.0,0.0,0.0,10.0,0.0,0.0,0.0,0.0,0.0,0.0,0.0,0.0,2868.0,0.0,0.0,0.0,1.0,0.0,0.0,0.0,0.0,Jefferson,0.0,0.0,0.0,0.0,0.0,0.0,0.0,0.0,0.0,0.0,0.0,0.0,0.0,0.0,0.0,0.0,0.0,0.0,1.0,1.0,0.0,0.0,14.0,0.0,0.0,0.0,1806.0
0.0,0.0,3.0,0.0,0.0,0.0,0.0,0.0,0.0,0.0,0.0,0.0,0.0,0.0,4.0,0.0,0.0,0.0,0.0,0.0,0.0,0.0,0.0,2394.0,0.0,0.0,0.0,2.0,0.0,0.0,1.0,0.0,Jefferson,0.0,0.0,0.0,0.0,0.0,0.0,0.0,0.0,0.0,0.0,0.0,0.0,6.0,6.0,0.0,0.0,0.0,0.0,0.0,0.0,0.0,0.0,5.0,0.0,0.0,0.0,1807.0
0.0,0.0,0.0,0.0,0.0,0.0,0.0,0.0,0.0,2.0,0.0,0.0,0.0,0.0,2.0,0.0,0.0,0.0,0.0,2.0,0.0,0.0,0.0,2688.0,1.0,0.0,0.0,1.0,0.0,0.0,0.0,0.0,Jefferson,0.0,0.0,0.0,0.0,0.0,0.0,0.0,0.0,0.0,0.0,0.0,0.0,0.0,0.0,0.0,0.0,0.0,0.0,0.0,0.0,0.0,0.0,5.0,0.0,0.0,0.0,1808.0
0.0,0.0,4.0,0.0,0.0,3.0,0.0,0.0,0.0,0.0,1.0,1.0,0.0,0.0,12.0,0.0,0.0,0.0,0.0,0.0,0.0,0.0,0.0,9218.0,1.0,0.0,0.0,8.0,0.0,0.0,3.0,0.0,Johnson,0.0,0.0,1.0,3.0,3.0,0.0,2.0,0.0,0.0,0.0,0.0,0.0,0.0,0.0,0.0,0.0,1.0,0.0,2.0,2.0,0.0,0.0,26.0,0.0,1.0,0.0,1865.0
0.0,0.0,2.0,0.0,0.0,0.0,0.0,0.0,1.0,0.0,0.0,0.0,0.0,0.0,11.0,0.0,0.0,0.0,0.0,1.0,0.0,0.0,0.0,7127.0,0.0,0.0,0.0,8.0,0.0,0.0,3.0,0.0,Johnson,0.0,0.0,4.0,3.0,2.0,0.0,1.0,0.0,0.0,0.0,0.0,0.0,1.0,1.0,0.0,0.0,2.0,0.0,1.0,1.0,0.0,0.0,30.0,0.0,1.0,0.0,1866.0
0.0,0.0,6.0,2.0,0.0,5.0,0.0,0.0,3.0,3.0,1.0,1.0,1.0,0.0,14.0,1.0,0.0,0.0,0.0,0.0,0.0,0.0,0.0,11981.0,0.0,0.0,0.0,15.0,0.0,0.0,5.0,0.0,Johnson,0.0,0.0,4.0,1.0,1.0,0.0,0.0,0.0,1.0,0.0,0.0,0.0,0.0,0.0,0.0,0.0,1.0,0.0,0.0,0.0,0.0,0.0,39.0,0.0,2.0,0.0,1867.0
0.0,0.0,7.0,0.0,0.0,2.0,0.0,0.0,1.0,0.0,0.0,0.0,0.0,0.0,10.0,0.0,0.0,0.0,0.0,0.0,0.0,0.0,0.0,9817.0,0.0,0.0,0.0,5.0,0.0,0.0,5.0,0.0,Johnson,0.0,0.0,1.0,1.0,1.0,0.0,1.0,0.0,0.0,0.0,0.0,0.0,1.0,1.0,0.0,0.0,2.0,0.0,0.0,0.0,0.0,0.0,45.0,0.0,2.0,0.0,1868.0
0.0,0.0,0.0,0.0,1.0,0.0,0.0,0.0,0.0,0.0,0.0,0.0,2.0,0.0,1.0,1.0,0.0,0.0,0.0,1.0,0.0,0.0,1.0,3187.0,0.0,0.0,0.0,3.0,0.0,0.0,0.0,1.0,Johnson,0.0,0.0,0.0,0.0,0.0,0.0,1.0,0.0,0.0,0.0,0.0,0.0,1.0,1.0,0.0,0.0,0.0,0.0,0.0,0.0,0.0,0.0,13.0,0.0,0.0,0.0,1964.0
0.0,0.0,0.0,0.0,0.0,2.0,0.0,0.0,0.0,0.0,2.0,0.0,1.0,0.0,4.0,0.0,0.0,0.0,0.0,0.0,0.0,0.0,0.0,4394.0,1.0,0.0,0.0,1.0,0.0,0.0,0.0,0.0,Johnson,0.0,0.0,0.0,0.0,0.0,5.0,2.0,0.0,0.0,0.0,0.0,0.0,3.0,1.0,1.0,0.0,0.0,0.0,0.0,0.0,0.0,0.0,17.0,0.0,0.0,0.0,1965.0
0.0,0.0,0.0,4.0,1.0,8.0,0.0,0.0,1.0,2.0,1.0,0.0,7.0,0.0,13.0,0.0,0.0,0.0,0.0,0.0,0.0,0.0,2.0,5255.0,0.0,0.0,0.0,3.0,0.0,0.0,0.0,1.0,Johnson,0.0,0.0,0.0,2.0,2.0,1.0,4.0,0.0,3.0,0.0,0.0,0.0,1.0,1.0,0.0,0.0,0.0,0.0,0.0,0.0,0.0,34.0,28.0,0.0,3.0,0.0,1966.0
0.0,0.0,1.0,2.0,2.0,5.0,0.0,0.0,0.0,3.0,1.0,0.0,8.0,0.0,9.0,0.0,0.0,0.0,0.0,0.0,0.0,0.0,4.0,7111.0,0.0,0.0,0.0,1.0,2.0,0.0,0.0,4.0,Johnson,0.0,0.0,1.0,0.0,0.0,7.0,2.0,0.0,2.0,1.0,0.0,0.0,5.0,4.0,2.0,0.0,0.0,0.0,2.0,2.0,0.0,23.0,40.0,0.0,0.0,0.0,1967.0
0.0,0.0,0.0,3.0,1.0,1.0,0.0,0.0,0.0,2.0,0.0,0.0,1.0,0.0,9.0,0.0,0.0,0.0,0.0,3.0,1.0,0.0,1.0,4855.0,0.0,0.0,0.0,3.0,1.0,0.0,0.0,2.0,Johnson,0.0,0.0,0.0,0.0,0.0,4.0,0.0,0.0,0.0,0.0,0.0,0.0,3.0,1.0,1.0,0.0,0.0,0.0,0.0,0.0,0.0,5.0,13.0,0.0,0.0,0.0,1968.0
0.0,1.0,0.0,2.0,0.0,2.0,0.0,0.0,0.0,0.0,2.0,0.0,1.0,0.0,5.0,0.0,0.0,0.0,0.0,1.0,1.0,0.0,0.0,4107.0,0.0,0.0,0.0,1.0,1.0,0.0,0.0,2.0,Johnson,0.0,0.0,1.0,0.0,0.0,2.0,1.0,0.0,0.0,0.0,0.0,0.0,2.0,0.0,0.0,0.0,0.0,0.0,0.0,0.0,0.0,9.0,4.0,0.0,0.0,0.0,1969.0
0.0,0.0,2.0,0.0,2.0,1.0,0.0,0.0,1.0,1.0,3.0,1.0,4.0,0.0,9.0,0.0,0.0,0.0,0.0,1.0,0.0,0.0,0.0,6436.0,2.0,2.0,0.0,9.0,2.0,2.0,0.0,6.0,Kennedy,0.0,0.0,0.0,0.0,0.0,1.0,1.0,0.0,1.0,0.0,0.0,0.0,3.0,2.0,0.0,0.0,0.0,0.0,2.0,1.0,0.0,0.0,14.0,0.0,0.0,0.0,1962.0
0.0,0.0,0.0,0.0,1.0,0.0,0.0,0.0,0.0,0.0,1.0,0.0,0.0,0.0,8.0,0.0,0.0,0.0,0.0,2.0,0.0,0.0,2.0,5326.0,0.0,0.0,0.0,4.0,1.0,0.0,0.0,13.0,Kennedy,0.0,0.0,0.0,0.0,0.0,4.0,2.0,0.0,0.0,0.0,0.0,0.0,6.0,1.0,0.0,1.0,0.0,0.0,0.0,0.0,0.0,0.0,17.0,0.0,2.0,0.0,1963.0
0.0,0.0,9.0,0.0,0.0,2.0,0.0,0.0,0.0,1.0,0.0,0.0,0.0,0.0,8.0,0.0,0.0,0.0,0.0,0.0,0.0,0.0,0.0,6976.0,0.0,0.0,0.0,6.0,0.0,0.0,4.0,0.0,Lincoln,0.0,0.0,0.0,2.0,1.0,0.0,3.0,0.0,0.0,0.0,0.0,0.0,0.0,0.0,0.0,0.0,0.0,0.0,3.0,3.0,0.0,0.0,17.0,0.0,0.0,0.0,1861.0
0.0,0.0,0.0,0.0,0.0,0.0,0.0,0.0,1.0,0.0,0.0,0.0,2.0,0.0,9.0,0.0,0.0,0.0,0.0,0.0,0.0,0.0,0.0,8392.0,0.0,0.0,0.0,3.0,0.0,0.0,2.0,0.0,Lincoln,0.0,0.0,4.0,0.0,0.0,0.0,4.0,0.0,0.0,0.0,0.0,0.0,0.0,0.0,0.0,0.0,0.0,0.0,1.0,1.0,0.0,0.0,26.0,0.0,0.0,0.0,1862.0
0.0,0.0,5.0,0.0,0.0,3.0,0.0,0.0,0.0,0.0,1.0,0.0,0.0,0.0,6.0,0.0,0.0,0.0,0.0,3.0,0.0,0.0,0.0,6111.0,0.0,0.0,0.0,9.0,0.0,0.0,14.0,0.0,Lincoln,0.0,0.0,1.0,2.0,2.0,0.0,1.0,0.0,0.0,0.0,0.0,0.0,2.0,2.0,0.0,0.0,0.0,0.0,1.0,1.0,0.0,0.0,22.0,1.0,1.0,0.0,1863.0
0.0,0.0,4.0,2.0,0.0,0.0,0.0,0.0,1.0,1.0,0.0,0.0,1.0,0.0,4.0,1.0,0.0,0.0,0.0,1.0,0.0,0.0,0.0,5989.0,0.0,0.0,0.0,5.0,0.0,0.0,11.0,0.0,Lincoln,0.0,0.0,2.0,5.0,5.0,0.0,0.0,0.0,0.0,0.0,0.0,0.0,1.0,1.0,0.0,0.0,0.0,0.0,0.0,0.0,0.0,0.0,36.0,0.0,1.0,0.0,1864.0
0.0,0.0,0.0,0.0,0.0,0.0,0.0,0.0,0.0,0.0,0.0,0.0,0.0,0.0,1.0,0.0,0.0,0.0,0.0,0.0,0.0,0.0,0.0,1831.0,0.0,0.0,0.0,1.0,0.0,0.0,1.0,0.0,Madison,0.0,0.0,0.0,0.0,0.0,0.0,0.0,0.0,0.0,0.0,0.0,0.0,0.0,0.0,0.0,0.0,0.0,0.0,0.0,0.0,0.0,0.0,9.0,0.0,0.0,0.0,1809.0
0.0,0.0,1.0,0.0,0.0,0.0,0.0,0.0,0.0,0.0,0.0,0.0,0.0,0.0,4.0,0.0,0.0,0.0,0.0,0.0,0.0,0.0,0.0,2446.0,0.0,0.0,0.0,4.0,0.0,0.0,1.0,0.0,Madison,0.0,0.0,0.0,0.0,0.0,0.0,0.0,0.0,0.0,0.0,0.0,0.0,0.0,0.0,0.0,0.0,0.0,0.0,0.0,0.0,0.0,0.0,12.0,0.0,1.0,0.0,1810.0
0.0,0.0,0.0,0.0,0.0,0.0,0.0,0.0,0.0,1.0,0.0,0.0,0.0,0.0,4.0,0.0,0.0,0.0,0.0,2.0,0.0,0.0,0.0,2275.0,1.0,0.0,0.0,2.0,0.0,0.0,0.0,0.0,Madison,0.0,0.0,1.0,0.0,0.0,0.0,0.0,0.0,0.0,0.0,0.0,0.0,0.0,0.0,0.0,0.0,0.0,0.0,1.0,1.0,0.0,0.0,11.0,0.0,0.0,0.0,1811.0
0.0,0.0,2.0,0.0,0.0,0.0,0.0,0.0,0.0,13.0,0.0,0.0,0.0,0.0,10.0,0.0,0.0,0.0,0.0,0.0,0.0,0.0,0.0,3242.0,1.0,0.0,0.0,3.0,0.0,0.0,0.0,0.0,Madison,0.0,0.0,1.0,3.0,2.0,0.0,1.0,0.0,0.0,0.0,0.0,0.0,0.0,0.0,0.0,0.0,0.0,0.0,4.0,4.0,0.0,0.0,24.0,0.0,0.0,0.0,1812.0
0.0,0.0,3.0,3.0,0.0,1.0,0.0,0.0,1.0,15.0,1.0,1.0,1.0,0.0,8.0,1.0,0.0,0.0,0.0,0.0,0.0,0.0,0.0,3258.0,0.0,0.0,0.0,4.0,0.0,0.0,0.0,0.0,Madison,0.0,0.0,0.0,2.0,1.0,0.0,1.0,0.0,0.0,0.0,0.0,0.0,1.0,1.0,1.0,0.0,0.0,0.0,2.0,2.0,0.0,0.0,34.0,2.0,1.0,0.0,1813.0
0.0,0.0,1.0,0.0,0.0,0.0,0.0,0.0,0.0,14.0,0.0,0.0,0.0,0.0,8.0,0.0,0.0,0.0,0.0,0.0,0.0,0.0,0.0,2114.0,0.0,0.0,0.0,1.0,0.0,0.0,0.0,0.0,Madison,0.0,0.0,1.0,1.0,0.0,0.0,1.0,0.0,0.0,0.0,0.0,0.0,1.0,0.0,0.0,1.0,0.0,0.0,2.0,2.0,0.0,0.0,17.0,4.0,0.0,0.0,1814.0
0.0,0.0,3.0,0.0,0.0,0.0,0.0,0.0,0.0,1.0,0.0,0.0,0.0,0.0,5.0,0.0,0.0,0.0,0.0,0.0,0.0,0.0,0.0,3154.0,0.0,0.0,0.0,7.0,0.0,0.0,2.0,0.0,Madison,0.0,0.0,0.0,0.0,0.0,0.0,0.0,0.0,0.0,0.0,0.0,0.0,0.0,0.0,0.0,0.0,0.0,0.0,2.0,2.0,0.0,0.0,14.0,0.0,0.0,0.0,1815.0
0.0,0.0,0.0,0.0,0.0,0.0,0.0,0.0,0.0,0.0,0.0,0.0,0.0,0.0,4.0,0.0,0.0,0.0,0.0,0.0,0.0,0.0,0.0,3367.0,0.0,0.0,0.0,2.0,0.0,0.0,0.0,0.0,Madison,0.0,0.0,0.0,0.0,0.0,0.0,0.0,0.0,0.0,0.0,0.0,0.0,2.0,2.0,0.0,0.0,0.0,0.0,0.0,0.0,0.0,0.0,11.0,1.0,2.0,0.0,1816.0
0.0,0.0,2.0,5.0,0.0,8.0,0.0,0.0,0.0,0.0,1.0,0.0,1.0,0.0,17.0,0.0,0.0,0.0,0.0,0.0,0.0,0.0,0.0,12110.0,5.0,0.0,0.0,8.0,0.0,0.0,8.0,0.0,McKinley,0.0,0.0,1.0,1.0,1.0,0.0,2.0,0.0,0.0,0.0,0.0,0.0,2.0,2.0,0.0,0.0,0.0,0.0,0.0,0.0,0.0,0.0,46.0,4.0,0.0,0.0,1897.0
0.0,0.0,20.0,9.0,3.0,5.0,0.0,0.0,0.0,10.0,1.0,1.0,3.0,0.0,43.0,0.0,0.0,1.0,0.0,1.0,0.0,0.0,0.0,20208.0,7.0,3.0,0.0,23.0,0.0,0.0,21.0,0.0,McKinley,0.0,0.0,6.0,6.0,4.0,0.0,4.0,0.0,0.0,0.0,0.0,0.0,0.0,0.0,0.0,0.0,1.0,0.0,9.0,9.0,0.0,0.0,93.0,1.0,0.0,0.0,1898.0
0.0,0.0,14.0,1.0,2.0,3.0,0.0,0.0,0.0,0.0,0.0,0.0,0.0,0.0,14.0,0.0,0.0,0.0,0.0,0.0,0.0,0.0,0.0,15133.0,6.0,2.0,0.0,5.0,0.0,0.0,9.0,0.0,McKinley,0.0,0.0,6.0,3.0,0.0,0.0,1.0,0.0,0.0,0.0,0.0,0.0,0.0,0.0,0.0,0.0,0.0,0.0,4.0,4.0,0.0,0.0,35.0,1.0,1.0,0.0,1899.0
0.0,0.0,9.0,3.0,0.0,5.0,0.0,0.0,0.0,2.0,1.0,0.0,1.0,0.0,27.0,2.0,0.0,0.0,0.0,0.0,0.0,0.0,0.0,19134.0,7.0,4.0,0.0,31.0,0.0,0.0,7.0,0.0,McKinley,0.0,0.0,9.0,5.0,3.0,0.0,0.0,0.0,0.0,0.0,0.0,0.0,1.0,1.0,0.0,0.0,2.0,1.0,9.0,9.0,0.0,0.0,51.0,1.0,1.0,0.0,1900.0
0.0,0.0,2.0,0.0,0.0,2.0,0.0,0.0,0.0,0.0,0.0,0.0,0.0,0.0,10.0,0.0,0.0,0.0,0.0,0.0,0.0,0.0,0.0,4427.0,0.0,0.0,0.0,2.0,0.0,0.0,2.0,0.0,Monroe,0.0,0.0,0.0,1.0,1.0,0.0,0.0,0.0,1.0,0.0,0.0,0.0,0.0,0.0,0.0,0.0,0.0,0.0,0.0,0.0,0.0,0.0,13.0,0.0,1.0,0.0,1817.0
0.0,0.0,0.0,0.0,0.0,1.0,0.0,0.0,0.0,2.0,0.0,0.0,0.0,0.0,10.0,0.0,0.0,0.0,0.0,0.0,0.0,0.0,0.0,4377.0,0.0,0.0,0.0,0.0,0.0,0.0,1.0,0.0,Monroe,0.0,0.0,1.0,0.0,0.0,0.0,0.0,0.0,0.0,0.0,0.0,0.0,0.0,0.0,0.0,0.0,0.0,0.0,0.0,0.0,0.0,0.0,15.0,1.0,0.0,0.0,1818.0
0.0,0.0,0.0,0.0,0.0,1.0,0.0,0.0,0.0,0.0,0.0,0.0,0.0,0.0,3.0,0.0,0.0,0.0,0.0,0.0,0.0,0.0,0.0,4711.0,0.0,0.0,0.0,0.0,0.0,0.0,1.0,0.0,Monroe,0.0,0.0,1.0,0.0,0.0,0.0,0.0,0.0,0.0,0.0,0.0,0.0,0.0,0.0,0.0,0.0,0.0,0.0,1.0,1.0,0.0,0.0,6.0,0.0,0.0,0.0,1819.0
0.0,0.0,1.0,0.0,0.0,1.0,0.0,0.0,0.0,1.0,1.0,0.0,0.0,0.0,2.0,0.0,0.0,0.0,0.0,0.0,0.0,0.0,0.0,3441.0,0.0,0.0,0.0,3.0,0.0,0.0,2.0,0.0,Monroe,0.0,0.0,1.0,0.0,0.0,0.0,0.0,0.0,0.0,0.0,0.0,0.0,0.0,0.0,0.0,0.0,0.0,0.0,1.0,1.0,0.0,0.0,16.0,0.0,2.0,0.0,1820.0
0.0,0.0,0.0,0.0,0.0,0.0,0.0,0.0,0.0,0.0,0.0,0.0,0.0,0.0,6.0,0.0,0.0,0.0,0.0,0.0,0.0,0.0,0.0,5823.0,0.0,0.0,0.0,2.0,0.0,0.0,3.0,0.0,Monroe,0.0,0.0,3.0,0.0,0.0,0.0,1.0,0.0,0.0,0.0,0.0,0.0,0.0,0.0,0.0,0.0,0.0,0.0,1.0,1.0,0.0,0.0,2.0,0.0,0.0,0.0,1821.0
0.0,0.0,3.0,0.0,0.0,0.0,0.0,0.0,0.0,0.0,0.0,0.0,0.0,0.0,6.0,0.0,0.0,0.0,0.0,0.0,0.0,0.0,0.0,4734.0,0.0,0.0,0.0,8.0,0.0,0.0,2.0,0.0,Monroe,0.0,0.0,2.0,0.0,0.0,0.0,0.0,0.0,0.0,0.0,0.0,0.0,0.0,0.0,0.0,0.0,0.0,0.0,1.0,1.0,0.0,0.0,20.0,0.0,2.0,0.0,1822.0
0.0,0.0,3.0,0.0,0.0,0.0,0.0,0.0,0.0,1.0,0.0,0.0,0.0,0.0,6.0,0.0,0.0,0.0,0.0,0.0,0.0,0.0,0.0,6382.0,0.0,0.0,0.0,3.0,0.0,0.0,4.0,0.0,Monroe,0.0,0.0,3.0,0.0,0.0,0.0,1.0,0.0,0.0,0.0,0.0,0.0,2.0,2.0,0.0,0.0,0.0,0.0,1.0,1.0,0.0,0.0,23.0,0.0,4.0,0.0,1823.0
0.0,0.0,2.0,0.0,0.0,0.0,0.0,0.0,0.0,0.0,0.0,0.0,0.0,0.0,10.0,1.0,0.0,0.0,0.0,1.0,0.0,0.0,0.0,8418.0,0.0,0.0,0.0,10.0,0.0,0.0,5.0,0.0,Monroe,0.0,0.0,5.0,1.0,1.0,0.0,4.0,0.0,0.0,0.0,0.0,0.0,0.0,0.0,0.0,0.0,0.0,0.0,0.0,0.0,0.0,0.0,38.0,0.0,10.0,0.0,1824.0
0.0,0.0,0.0,1.0,0.0,0.0,0.0,0.0,0.0,1.0,0.0,0.0,4.0,0.0,5.0,0.0,0.0,0.0,0.0,0.0,0.0,0.0,1.0,4455.0,0.0,0.0,0.0,2.0,0.0,0.0,0.0,0.0,Nixon,0.0,0.0,0.0,0.0,0.0,1.0,0.0,0.0,1.0,0.0,0.0,0.0,1.0,1.0,0.0,0.0,0.0,0.0,0.0,0.0,0.0,3.0,20.0,0.0,2.0,0.0,1970.0
0.0,0.0,0.0,1.0,1.0,0.0,0.0,0.0,0.0,0.0,0.0,0.0,0.0,0.0,3.0,0.0,0.0,0.0,0.0,2.0,0.0,0.0,0.0,4475.0,0.0,0.0,0.0,0.0,0.0,0.0,0.0,0.0,Nixon,0.0,0.0,0.0,0.0,0.0,0.0,0.0,0.0,0.0,0.0,0.0,0.0,0.0,0.0,0.0,0.0,0.0,0.0,0.0,0.0,0.0,0.0,11.0,0.0,0.0,2.0,1971.0
0.0,0.0,0.0,1.0,1.0,0.0,0.0,0.0,0.0,1.0,0.0,0.0,1.0,0.0,1.0,1.0,0.0,0.0,0.0,1.0,0.0,0.0,0.0,3967.0,0.0,0.0,0.0,2.0,0.0,0.0,0.0,1.0,Nixon,0.0,0.0,0.0,0.0,0.0,2.0,0.0,0.0,0.0,0.0,0.0,0.0,5.0,4.0,0.0,0.0,0.0,0.0,0.0,0.0,0.0,1.0,20.0,0.0,1.0,1.0,1972.0
0.0,0.0,0.0,0.0,0.0,0.0,0.0,0.0,0.0,0.0,0.0,0.0,0.0,0.0,4.0,0.0,0.0,0.0,0.0,0.0,0.0,0.0,0.0,1655.0,0.0,0.0,0.0,0.0,0.0,0.0,0.0,0.0,Nixon,0.0,0.0,0.0,0.0,0.0,0.0,0.0,0.0,0.0,0.0,0.0,0.0,0.0,0.0,0.0,0.0,0.0,0.0,0.0,0.0,0.0,2.0,2.0,0.0,0.0,0.0,1973.0
0.0,0.0,0.0,1.0,0.0,0.0,0.0,0.0,0.0,0.0,1.0,0.0,5.0,0.0,6.0,0.0,0.0,0.0,0.0,5.0,1.0,0.0,0.0,5154.0,0.0,0.0,0.0,7.0,0.0,0.0,0.0,1.0,Nixon,0.0,0.0,0.0,0.0,0.0,3.0,0.0,0.0,0.0,0.0,0.0,0.0,4.0,3.0,0.0,0.0,0.0,0.0,1.0,1.0,0.0,0.0,26.0,0.0,1.0,0.0,1974.0
2.0,0.0,0.0,0.0,1.0,0.0,1.0,0.0,0.0,0.0,2.0,0.0,1.0,0.0,7.0,0.0,0.0,0.0,4.0,11.0,1.0,0.0,1.0,5940.0,1.0,1.0,0.0,0.0,0.0,0.0,0.0,1.0,Obama,0.0,1.0,0.0,1.0,1.0,0.0,1.0,0.0,3.0,1.0,2.0,2.0,3.0,0.0,0.0,2.0,0.0,0.0,1.0,1.0,0.0,0.0,15.0,0.0,1.0,0.0,2009.0
3.0,1.0,0.0,1.0,1.0,0.0,0.0,0.0,0.0,0.0,3.0,1.0,8.0,0.0,6.0,0.0,0.0,3.0,5.0,3.0,0.0,0.0,2.0,7106.0,0.0,0.0,0.0,2.0,0.0,0.0,0.0,4.0,Obama,0.0,2.0,1.0,0.0,0.0,0.0,3.0,0.0,3.0,1.0,2.0,2.0,5.0,3.0,0.0,1.0,1.0,0.0,4.0,4.0,0.0,0.0,17.0,0.0,3.0,0.0,2010.0
1.0,0.0,0.0,4.0,2.0,0.0,0.0,0.0,1.0,0.0,0.0,0.0,4.0,0.0,5.0,2.0,0.0,2.0,4.0,2.0,0.0,0.0,7.0,6940.0,0.0,0.0,0.0,2.0,1.0,0.0,0.0,5.0,Obama,0.0,4.0,2.0,0.0,0.0,2.0,3.0,2.0,2.0,1.0,1.0,1.0,2.0,0.0,0.0,1.0,0.0,0.0,6.0,6.0,0.0,0.0,13.0,0.0,0.0,0.0,2011.0
3.0,0.0,1.0,1.0,1.0,0.0,1.0,0.0,2.0,0.0,0.0,0.0,6.0,0.0,7.0,1.0,0.0,4.0,3.0,4.0,1.0,0.0,1.0,6987.0,0.0,0.0,0.0,4.0,0.0,0.0,1.0,3.0,Obama,0.0,2.0,1.0,1.0,1.0,0.0,1.0,1.0,0.0,0.0,0.0,0.0,4.0,1.0,0.0,1.0,0.0,0.0,5.0,5.0,0.0,0.0,16.0,1.0,0.0,0.0,2012.0
4.0,0.0,0.0,0.0,2.0,0.0,2.0,0.0,1.0,0.0,1.0,0.0,4.0,0.0,5.0,1.0,0.0,1.0,0.0,3.0,1.0,0.0,1.0,6467.0,0.0,0.0,0.0,5.0,1.0,0.0,0.0,3.0,Obama,0.0,4.0,1.0,0.0,0.0,0.0,0.0,0.0,5.0,2.0,3.0,3.0,7.0,1.0,1.0,2.0,0.0,0.0,2.0,2.0,0.0,0.0,13.0,0.0,0.0,1.0,2013.0
6.0,1.0,2.0,2.0,1.0,2.0,1.0,0.0,0.0,0.0,3.0,0.0,2.0,0.0,15.0,1.0,0.0,10.0,3.0,2.0,2.0,0.0,0.0,6778.0,1.0,1.0,0.0,5.0,0.0,0.0,0.0,5.0,Obama,0.0,3.0,0.0,0.0,0.0,1.0,1.0,0.0,8.0,2.0,5.0,2.0,8.0,3.0,1.0,3.0,0.0,0.0,6.0,6.0,0.0,0.0,16.0,0.0,0.0,0.0,2014.0
3.0,0.0,0.0,1.0,5.0,4.0,2.0,0.0,1.0,0.0,4.0,3.0,3.0,0.0,12.0,0.0,0.0,4.0,2.0,5.0,1.0,0.0,0.0,6727.0,0.0,0.0,0.0,5.0,0.0,0.0,0.0,5.0,Obama,0.0,0.0,2.0,0.0,0.0,0.0,0.0,0.0,9.0,1.0,7.0,5.0,8.0,3.0,1.0,2.0,0.0,0.0,3.0,3.0,0.0,0.0,13.0,0.0,1.0,0.0,2015.0
1.0,0.0,0.0,0.0,0.0,3.0,0.0,0.0,2.0,0.0,3.0,1.0,7.0,0.0,5.0,1.0,0.0,2.0,2.0,3.0,0.0,0.0,0.0,5438.0,0.0,0.0,0.0,5.0,0.0,0.0,0.0,2.0,Obama,0.0,3.0,2.0,2.0,0.0,0.0,0.0,0.0,7.0,0.0,7.0,4.0,5.0,3.0,0.0,0.0,1.0,0.0,3.0,3.0,0.0,1.0,11.0,0.0,1.0,0.0,2016.0
0.0,0.0,2.0,0.0,0.0,1.0,0.0,0.0,0.0,0.0,0.0,0.0,0.0,0.0,5.0,0.0,0.0,0.0,0.0,0.0,0.0,0.0,0.0,9587.0,1.0,0.0,0.0,3.0,0.0,0.0,5.0,0.0,Pierce,0.0,0.0,0.0,1.0,1.0,0.0,2.0,0.0,0.0,0.0,0.0,0.0,2.0,2.0,1.0,0.0,0.0,0.0,0.0,0.0,0.0,0.0,22.0,0.0,0.0,0.0,1853.0
0.0,0.0,9.0,0.0,1.0,2.0,0.0,0.0,1.0,4.0,4.0,0.0,1.0,0.0,20.0,0.0,0.0,0.0,0.0,0.0,0.0,0.0,0.0,10134.0,5.0,0.0,0.0,9.0,1.0,0.0,7.0,0.0,Pierce,0.0,0.0,2.0,0.0,0.0,0.0,1.0,0.0,0.0,0.0,0.0,0.0,1.0,1.0,0.0,0.0,0.0,0.0,4.0,4.0,0.0,0.0,32.0,0.0,0.0,0.0,1854.0
0.0,0.0,3.0,1.0,0.0,0.0,0.0,0.0,2.0,0.0,1.0,1.0,0.0,0.0,12.0,0.0,0.0,0.0,0.0,1.0,0.0,0.0,0.0,11610.0,2.0,0.0,0.0,8.0,0.0,0.0,3.0,0.0,Pierce,0.0,0.0,3.0,3.0,2.0,0.0,2.0,0.0,0.0,0.0,0.0,0.0,1.0,0.0,0.0,0.0,0.0,0.0,8.0,8.0,0.0,0.0,31.0,0.0,3.0,0.0,1855.0
0.0,0.0,3.0,1.0,0.0,5.0,0.0,0.0,3.0,1.0,0.0,0.0,0.0,0.0,14.0,0.0,0.0,0.0,0.0,0.0,0.0,0.0,0.0,10473.0,1.0,0.0,0.0,5.0,0.0,0.0,4.0,0.0,Pierce,0.0,0.0,4.0,1.0,1.0,0.0,0.0,0.0,0.0,0.0,0.0,0.0,2.0,2.0,0.0,0.0,0.0,0.0,1.0,1.0,0.0,0.0,18.0,0.0,0.0,0.0,1856.0
0.0,0.0,10.0,0.0,0.0,1.0,0.0,0.0,0.0,1.0,0.0,0.0,0.0,0.0,22.0,0.0,0.0,0.0,0.0,0.0,0.0,0.0,0.0,16112.0,0.0,0.0,0.0,5.0,0.0,0.0,8.0,0.0,Polk,0.0,0.0,6.0,1.0,1.0,0.0,1.0,0.0,0.0,0.0,0.0,0.0,2.0,2.0,0.0,0.0,0.0,0.0,3.0,3.0,0.0,0.0,35.0,0.0,1.0,0.0,1845.0
0.0,0.0,29.0,3.0,0.0,1.0,0.0,0.0,0.0,9.0,0.0,0.0,1.0,0.0,22.0,2.0,0.0,0.0,0.0,0.0,0.0,0.0,0.0,18221.0,0.0,0.0,0.0,17.0,0.0,0.0,5.0,0.0,Polk,0.0,0.0,0.0,5.0,4.0,0.0,3.0,0.0,0.0,0.0,0.0,0.0,6.0,4.0,0.0,2.0,0.0,0.0,3.0,3.0,0.0,0.0,89.0,1.0,0.0,0.0,1846.0
0.0,0.0,40.0,1.0,0.0,1.0,0.0,0.0,0.0,27.0,1.0,0.0,0.0,0.0,37.0,0.0,0.0,0.0,0.0,0.0,0.0,0.0,0.0,16411.0,1.0,0.0,0.0,30.0,0.0,0.0,14.0,0.0,Polk,0.0,0.0,0.0,4.0,4.0,0.0,1.0,0.0,0.0,0.0,0.0,0.0,2.0,2.0,0.0,0.0,1.0,0.0,8.0,8.0,0.0,0.0,116.0,3.0,1.0,0.0,1847.0
0.0,0.0,22.0,5.0,0.0,4.0,0.0,0.0,1.0,5.0,2.0,0.0,0.0,0.0,18.0,2.0,0.0,0.0,0.0,0.0,0.0,0.0,0.0,21290.0,4.0,1.0,0.0,13.0,0.0,0.0,19.0,0.0,Polk,0.0,0.0,2.0,6.0,6.0,0.0,3.0,0.0,0.0,0.0,0.0,0.0,2.0,2.0,1.0,0.0,0.0,0.0,4.0,4.0,0.0,0.0,85.0,0.0,0.0,0.0,1848.0
1.0,0.0,0.0,0.0,1.0,0.0,0.0,0.0,0.0,0.0,0.0,0.0,0.0,0.0,12.0,0.0,0.0,0.0,0.0,0.0,0.0,0.0,0.0,5195.0,0.0,0.0,0.0,8.0,0.0,0.0,0.0,1.0,Reagan,0.0,0.0,0.0,0.0,0.0,8.0,0.0,0.0,1.0,1.0,0.0,0.0,1.0,1.0,0.0,0.0,0.0,0.0,0.0,0.0,0.0,0.0,10.0,0.0,0.0,0.0,1982.0
0.0,0.0,0.0,0.0,0.0,1.0,1.0,0.0,0.0,0.0,4.0,0.0,2.0,0.0,10.0,0.0,0.0,0.0,0.0,1.0,0.0,0.0,0.0,5572.0,0.0,0.0,0.0,4.0,2.0,1.0,0.0,1.0,Reagan,0.0,0.0,0.0,0.0,0.0,8.0,2.0,0.0,0.0,0.0,0.0,0.0,3.0,2.0,0.0,1.0,0.0,0.0,0.0,0.0,0.0,0.0,14.0,0.0,0.0,0.0,1983.0
0.0,1.0,0.0,0.0,1.0,0.0,0.0,0.0,0.0,1.0,2.0,1.0,0.0,0.0,11.0,3.0,0.0,0.0,0.0,1.0,0.0,0.0,0.0,4973.0,1.0,1.0,0.0,3.0,0.0,0.0,0.0,3.0,Reagan,0.0,0.0,0.0,1.0,1.0,4.0,5.0,0.0,2.0,2.0,0.0,0.0,2.0,0.0,0.0,0.0,0.0,0.0,0.0,0.0,0.0,0.0,17.0,0.0,0.0,0.0,1984.0
1.0,1.0,0.0,0.0,0.0,0.0,0.0,0.0,0.0,0.0,0.0,0.0,2.0,0.0,3.0,0.0,0.0,0.0,0.0,0.0,0.0,0.0,0.0,4250.0,0.0,0.0,0.0,3.0,2.0,1.0,0.0,5.0,Reagan,0.0,0.0,0.0,0.0,0.0,4.0,2.0,0.0,1.0,0.0,1.0,1.0,3.0,2.0,0.0,0.0,0.0,0.0,0.0,0.0,0.0,2.0,13.0,0.0,0.0,0.0,1985.0
1.0,0.0,0.0,0.0,0.0,1.0,0.0,0.0,0.0,0.0,1.0,0.0,5.0,0.0,5.0,0.0,0.0,0.0,0.0,1.0,0.0,0.0,0.0,3507.0,0.0,0.0,0.0,0.0,0.0,0.0,0.0,3.0,Reagan,0.0,0.0,0.0,0.0,0.0,5.0,0.0,0.0,3.0,0.0,0.0,0.0,4.0,2.0,0.0,0.0,0.0,0.0,0.0,0.0,0.0,0.0,11.0,0.0,0.0,0.0,1986.0
3.0,0.0,0.0,1.0,1.0,1.0,0.0,0.0,0.0,0.0,3.0,1.0,3.0,0.0,2.0,0.0,0.0,1.0,0.0,0.0,0.0,0.0,1.0,3803.0,0.0,0.0,0.0,3.0,0.0,0.0,0.0,0.0,Reagan,0.0,0.0,0.0,0.0,0.0,13.0,0.0,0.0,1.0,0.0,1.0,0.0,2.0,2.0,0.0,0.0,0.0,0.0,1.0,1.0,0.0,1.0,9.0,0.0,0.0,0.0,1987.0
2.0,0.0,1.0,1.0,0.0,0.0,0.0,0.0,0.0,0.0,2.0,1.0,6.0,0.0,6.0,0.0,0.0,1.0,0.0,2.0,0.0,0.0,0.0,4855.0,0.0,0.0,0.0,0.0,1.0,0.0,0.0,7.0,Reagan,0.0,0.0,0.0,0.0,0.0,3.0,3.0,0.0,2.0,0.0,0.0,0.0,4.0,2.0,1.0,0.0,0.0,0.0,1.0,1.0,0.0,0.0,14.0,0.0,1.0,0.0,1988.0
0.0,0.0,20.0,6.0,1.0,0.0,0.0,0.0,0.0,2.0,6.0,0.0,11.0,1.0,18.0,0.0,0.0,0.0,0.0,4.0,0.0,0.0,0.0,19595.0,6.0,2.0,0.0,11.0,0.0,0.0,30.0,0.0,Roosevelt,0.0,0.0,0.0,6.0,1.0,0.0,0.0,0.0,0.0,0.0,0.0,0.0,1.0,1.0,1.0,0.0,1.0,0.0,0.0,0.0,0.0,0.0,59.0,1.0,3.0,0.0,1901.0
0.0,0.0,7.0,1.0,0.0,0.0,0.0,0.0,0.0,0.0,4.0,0.0,1.0,0.0,8.0,0.0,0.0,0.0,0.0,2.0,0.0,0.0,0.0,9756.0,0.0,0.0,0.0,2.0,0.0,0.0,15.0,0.0,Roosevelt,0.0,0.0,0.0,3.0,0.0,0.0,2.0,0.0,0.0,0.0,0.0,0.0,3.0,2.0,1.0,0.0,0.0,0.0,3.0,2.0,0.0,0.0,31.0,3.0,2.0,0.0,1902.0
0.0,0.0,6.0,1.0,1.0,2.0,0.0,0.0,0.0,1.0,1.0,0.0,2.0,0.0,21.0,0.0,0.0,0.0,0.0,0.0,0.0,0.0,1.0,14876.0,4.0,1.0,0.0,4.0,0.0,0.0,8.0,0.0,Roosevelt,0.0,0.0,4.0,0.0,0.0,0.0,0.0,0.0,0.0,0.0,0.0,0.0,1.0,1.0,1.0,0.0,0.0,0.0,5.0,5.0,0.0,0.0,50.0,1.0,1.0,0.0,1903.0
0.0,1.0,14.0,5.0,0.0,1.0,0.0,0.0,2.0,2.0,2.0,0.0,2.0,0.0,19.0,0.0,0.0,0.0,0.0,1.0,0.0,0.0,0.0,17406.0,4.0,0.0,0.0,1.0,0.0,0.0,13.0,0.0,Roosevelt,0.0,0.0,6.0,0.0,0.0,0.0,0.0,0.0,1.0,0.0,0.0,0.0,2.0,2.0,0.0,0.0,0.0,0.0,3.0,3.0,0.0,0.0,46.0,1.0,1.0,0.0,1904.0
0.0,0.0,20.0,7.0,0.0,5.0,0.0,0.0,1.0,4.0,1.0,0.0,7.0,0.0,37.0,0.0,0.0,0.0,0.0,0.0,0.0,0.0,0.0,25033.0,4.0,0.0,0.0,8.0,0.0,0.0,21.0,0.0,Roosevelt,0.0,0.0,3.0,2.0,0.0,0.0,0.0,0.0,0.0,0.0,0.0,0.0,4.0,4.0,0.0,0.0,0.0,0.0,2.0,2.0,0.0,0.0,62.0,0.0,3.0,0.0,1905.0
0.0,0.0,15.0,5.0,3.0,5.0,0.0,0.0,2.0,1.0,7.0,0.0,5.0,0.0,19.0,2.0,0.0,0.0,0.0,2.0,0.0,0.0,0.0,23575.0,2.0,0.0,0.0,4.0,0.0,0.0,24.0,0.0,Roosevelt,0.0,0.0,6.0,4.0,1.0,0.0,0.0,0.0,0.0,0.0,0.0,0.0,7.0,7.0,0.0,0.0,0.0,0.0,6.0,6.0,0.0,0.0,69.0,1.0,1.0,0.0,1906.0
0.0,0.0,36.0,17.0,1.0,2.0,0.0,0.0,3.0,1.0,1.0,0.0,2.0,0.0,18.0,3.0,0.0,0.0,0.0,2.0,0.0,0.0,0.0,27382.0,2.0,1.0,0.0,3.0,0.0,0.0,31.0,0.0,Roosevelt,0.0,0.0,1.0,1.0,0.0,0.0,0.0,0.0,0.0,0.0,0.0,0.0,4.0,3.0,0.0,0.0,0.0,0.0,1.0,1.0,0.0,0.0,80.0,0.0,4.0,0.0,1907.0
0.0,0.0,10.0,7.0,0.0,4.0,0.0,0.0,2.0,2.0,4.0,0.0,1.0,0.0,11.0,0.0,0.0,0.0,0.0,0.0,0.0,0.0,0.0,19383.0,0.0,0.0,0.0,9.0,0.0,0.0,6.0,0.0,Roosevelt,0.0,0.0,0.0,3.0,2.0,0.0,1.0,0.0,0.0,0.0,0.0,0.0,0.0,0.0,0.0,0.0,0.0,0.0,1.0,1.0,0.0,0.0,38.0,0.0,0.0,0.0,1908.0
0.0,0.0,0.0,0.0,0.0,0.0,0.0,0.0,0.0,0.0,1.0,0.0,0.0,0.0,0.0,0.0,0.0,0.0,0.0,2.0,0.0,0.0,0.0,2223.0,0.0,0.0,0.0,0.0,0.0,0.0,0.0,0.0,Roosevelt,0.0,0.0,0.0,0.0,0.0,0.0,0.0,0.0,0.0,0.0,0.0,0.0,1.0,1.0,0.0,0.0,0.0,0.0,0.0,0.0,0.0,0.0,5.0,0.0,1.0,0.0,1934.0
0.0,0.0,0.0,0.0,0.0,1.0,0.0,0.0,0.0,0.0,0.0,0.0,0.0,0.0,1.0,0.0,0.0,0.0,0.0,0.0,0.0,0.0,0.0,3515.0,0.0,0.0,0.0,0.0,0.0,0.0,0.0,0.0,Roosevelt,0.0,0.0,0.0,0.0,0.0,0.0,0.0,0.0,0.0,0.0,0.0,0.0,1.0,0.0,0.0,0.0,0.0,0.0,0.0,0.0,0.0,0.0,7.0,0.0,0.0,0.0,1935.0
0.0,0.0,0.0,2.0,0.0,0.0,0.0,0.0,0.0,0.0,10.0,0.0,0.0,0.0,1.0,1.0,0.0,0.0,0.0,2.0,0.0,0.0,0.0,3810.0,0.0,0.0,0.0,0.0,0.0,0.0,0.0,0.0,Roosevelt,0.0,0.0,0.0,0.0,0.0,0.0,0.0,0.0,0.0,0.0,0.0,0.0,2.0,1.0,0.0,1.0,1.0,0.0,0.0,0.0,0.0,0.0,22.0,1.0,2.0,0.0,1936.0
0.0,0.0,0.0,0.0,0.0,0.0,0.0,0.0,0.0,0.0,0.0,0.0,0.0,0.0,0.0,0.0,0.0,0.0,0.0,1.0,0.0,0.0,0.0,2730.0,0.0,0.0,0.0,0.0,0.0,0.0,0.0,0.0,Roosevelt,0.0,0.0,0.0,0.0,0.0,0.0,0.0,0.0,0.0,0.0,0.0,0.0,1.0,0.0,0.0,0.0,0.0,0.0,0.0,0.0,0.0,0.0,11.0,0.0,0.0,0.0,1937.0
0.0,0.0,0.0,0.0,0.0,1.0,0.0,0.0,2.0,0.0,1.0,0.0,0.0,0.0,4.0,0.0,0.0,0.0,0.0,0.0,0.0,0.0,0.0,4677.0,0.0,0.0,0.0,1.0,0.0,0.0,0.0,0.0,Roosevelt,0.0,0.0,0.0,0.0,0.0,0.0,0.0,0.0,1.0,0.0,0.0,0.0,2.0,2.0,0.0,0.0,0.0,0.0,0.0,0.0,0.0,0.0,7.0,0.0,0.0,0.0,1938.0
0.0,1.0,0.0,0.0,0.0,1.0,0.0,0.0,1.0,1.0,3.0,1.0,1.0,0.0,7.0,1.0,0.0,0.0,0.0,0.0,0.0,0.0,0.0,3736.0,0.0,0.0,0.0,5.0,0.0,0.0,0.0,0.0,Roosevelt,0.0,0.0,0.0,0.0,0.0,0.0,1.0,0.0,0.0,0.0,0.0,0.0,2.0,1.0,0.0,1.0,0.0,0.0,0.0,0.0,0.0,0.0,11.0,0.0,2.0,0.0,1939.0
0.0,0.0,3.0,0.0,1.0,1.0,0.0,0.0,0.0,0.0,3.0,0.0,2.0,0.0,10.0,0.0,0.0,0.0,0.0,1.0,0.0,0.0,0.0,3170.0,0.0,0.0,0.0,5.0,0.0,0.0,2.0,0.0,Roosevelt,0.0,0.0,0.0,0.0,0.0,0.0,1.0,0.0,0.0,0.0,0.0,0.0,1.0,1.0,0.0,0.0,0.0,0.0,0.0,0.0,0.0,0.0,21.0,0.0,6.0,0.0,1940.0
0.0,0.0,1.0,0.0,0.0,0.0,0.0,0.0,0.0,1.0,2.0,0.0,2.0,0.0,1.0,1.0,0.0,0.0,0.0,1.0,0.0,0.0,0.0,3288.0,0.0,0.0,0.0,1.0,0.0,0.0,3.0,0.0,Roosevelt,0.0,0.0,0.0,0.0,0.0,0.0,2.0,0.0,0.0,0.0,0.0,0.0,8.0,4.0,0.0,1.0,0.0,0.0,2.0,2.0,0.0,0.0,25.0,1.0,4.0,1.0,1941.0
0.0,1.0,0.0,1.0,3.0,3.0,0.0,0.0,6.0,8.0,1.0,0.0,18.0,0.0,14.0,2.0,0.0,0.0,0.0,0.0,0.0,0.0,1.0,3470.0,1.0,1.0,0.0,5.0,0.0,0.0,0.0,0.0,Roosevelt,0.0,0.0,4.0,0.0,0.0,0.0,1.0,0.0,1.0,0.0,0.0,0.0,0.0,0.0,0.0,0.0,0.0,0.0,0.0,0.0,0.0,0.0,35.0,1.0,1.0,0.0,1942.0
0.0,0.0,2.0,9.0,2.0,1.0,0.0,0.0,3.0,6.0,3.0,1.0,16.0,0.0,11.0,2.0,0.0,0.0,0.0,1.0,0.0,0.0,0.0,4533.0,3.0,3.0,0.0,7.0,0.0,0.0,1.0,0.0,Roosevelt,0.0,0.0,6.0,3.0,3.0,0.0,0.0,0.0,0.0,0.0,0.0,0.0,2.0,1.0,0.0,0.0,0.0,0.0,0.0,0.0,0.0,0.0,57.0,1.0,2.0,1.0,1943.0
0.0,0.0,1.0,4.0,0.0,1.0,0.0,0.0,5.0,0.0,3.0,1.0,5.0,0.0,7.0,0.0,0.0,0.0,0.0,1.0,0.0,0.0,0.0,3755.0,2.0,2.0,0.0,3.0,0.0,0.0,2.0,0.0,Roosevelt,0.0,0.0,1.0,7.0,5.0,0.0,0.0,0.0,0.0,0.0,0.0,0.0,2.0,1.0,0.0,1.0,0.0,0.0,1.0,1.0,0.0,0.0,57.0,0.0,1.0,2.0,1944.0
0.0,0.0,20.0,11.0,3.0,2.0,0.0,0.0,11.0,10.0,0.0,0.0,20.0,0.0,37.0,7.0,0.0,0.0,0.0,0.0,0.0,0.0,0.0,8124.0,2.0,2.0,0.0,10.0,0.0,0.0,8.0,0.0,Roosevelt,0.0,0.0,5.0,6.0,5.0,1.0,0.0,0.0,2.0,0.0,0.0,0.0,3.0,2.0,0.0,0.0,0.0,0.0,5.0,5.0,0.0,0.0,91.0,2.0,0.0,1.0,1945.0
0.0,0.0,7.0,2.0,0.0,0.0,0.0,0.0,0.0,2.0,1.0,0.0,0.0,0.0,12.0,0.0,0.0,0.0,0.0,0.0,0.0,0.0,0.0,13889.0,2.0,0.0,0.0,10.0,0.0,0.0,14.0,0.0,Taft,0.0,0.0,3.0,0.0,0.0,0.0,0.0,0.0,0.0,0.0,0.0,0.0,2.0,2.0,0.0,0.0,0.0,0.0,0.0,0.0,0.0,0.0,20.0,0.0,1.0,0.0,1909.0
0.0,0.0,0.0,2.0,0.0,0.0,0.0,0.0,0.0,0.0,0.0,0.0,0.0,0.0,7.0,0.0,0.0,0.0,0.0,0.0,0.0,0.0,2.0,6763.0,5.0,0.0,0.0,1.0,0.0,0.0,5.0,0.0,Taft,0.0,0.0,1.0,0.0,0.0,0.0,1.0,0.0,0.0,0.0,0.0,0.0,1.0,1.0,0.0,0.0,0.0,0.0,0.0,0.0,0.0,0.0,20.0,0.0,0.0,0.0,1910.0
0.0,0.0,18.0,8.0,2.0,4.0,0.0,0.0,0.0,0.0,4.0,1.0,6.0,0.0,19.0,0.0,0.0,0.0,0.0,0.0,0.0,0.0,1.0,23704.0,5.0,1.0,0.0,9.0,0.0,0.0,23.0,0.0,Taft,0.0,0.0,7.0,1.0,1.0,0.0,1.0,0.0,0.0,0.0,0.0,0.0,1.0,1.0,1.0,0.0,1.0,0.0,19.0,18.0,0.0,0.0,39.0,0.0,0.0,0.0,1911.0
0.0,0.0,31.0,8.0,1.0,4.0,0.0,0.0,0.0,0.0,2.0,1.0,0.0,0.0,39.0,1.0,0.0,0.0,0.0,1.0,0.0,0.0,0.0,25150.0,8.0,5.0,0.0,8.0,0.0,0.0,23.0,0.0,Taft,0.0,0.0,2.0,5.0,2.0,0.0,1.0,0.0,0.0,0.0,0.0,0.0,5.0,5.0,0.0,0.0,0.0,0.0,4.0,4.0,0.0,0.0,59.0,1.0,4.0,0.0,1912.0
0.0,0.0,3.0,0.0,0.0,3.0,0.0,0.0,0.0,0.0,0.0,0.0,0.0,0.0,2.0,0.0,0.0,0.0,0.0,0.0,0.0,0.0,0.0,7619.0,0.0,0.0,0.0,5.0,0.0,0.0,7.0,0.0,Taylor,0.0,0.0,5.0,1.0,0.0,0.0,0.0,0.0,0.0,0.0,0.0,0.0,1.0,1.0,0.0,0.0,0.0,0.0,0.0,0.0,0.0,0.0,16.0,0.0,3.0,0.0,1849.0
0.0,0.0,7.0,1.0,1.0,0.0,0.0,0.0,7.0,3.0,2.0,0.0,7.0,0.0,35.0,5.0,0.0,0.0,0.0,0.0,0.0,0.0,2.0,27722.0,3.0,1.0,0.0,14.0,0.0,0.0,13.0,0.0,Truman,0.0,0.0,0.0,1.0,1.0,4.0,0.0,0.0,2.0,0.0,0.0,0.0,6.0,3.0,0.0,0.0,0.0,0.0,2.0,2.0,0.0,0.0,278.0,5.0,1.0,20.0,1946.0
0.0,0.0,7.0,0.0,0.0,1.0,0.0,0.0,0.0,0.0,3.0,0.0,2.0,0.0,19.0,0.0,0.0,0.0,0.0,0.0,0.0,0.0,0.0,6033.0,1.0,0.0,0.0,7.0,0.0,0.0,5.0,0.0,Truman,0.0,0.0,0.0,0.0,0.0,3.0,0.0,0.0,0.0,0.0,0.0,0.0,3.0,0.0,0.0,1.0,0.0,0.0,3.0,3.0,0.0,0.0,31.0,1.0,1.0,3.0,1947.0
0.0,0.0,0.0,0.0,1.0,0.0,0.0,0.0,0.0,0.0,2.0,0.0,2.0,0.0,7.0,0.0,0.0,0.0,0.0,2.0,0.0,0.0,1.0,5091.0,0.0,0.0,0.0,1.0,0.0,0.0,0.0,0.0,Truman,0.0,0.0,0.0,0.0,0.0,0.0,0.0,0.0,0.0,0.0,0.0,0.0,2.0,1.0,1.0,0.0,0.0,0.0,0.0,0.0,0.0,0.0,31.0,0.0,1.0,0.0,1948.0
0.0,0.0,0.0,0.0,0.0,0.0,0.0,0.0,0.0,0.0,0.0,0.0,0.0,0.0,8.0,0.0,0.0,0.0,0.0,0.0,0.0,0.0,0.0,3397.0,0.0,0.0,0.0,0.0,0.0,0.0,0.0,0.0,Truman,0.0,0.0,0.0,0.0,0.0,0.0,2.0,0.0,0.0,0.0,0.0,0.0,1.0,1.0,0.0,0.0,0.0,0.0,0.0,0.0,0.0,0.0,6.0,0.0,0.0,0.0,1949.0
0.0,1.0,0.0,0.0,0.0,0.0,0.0,0.0,1.0,0.0,0.0,0.0,0.0,0.0,3.0,0.0,1.0,0.0,0.0,0.0,0.0,0.0,0.0,5126.0,0.0,0.0,0.0,3.0,0.0,0.0,0.0,0.0,Truman,0.0,0.0,0.0,0.0,0.0,0.0,2.0,0.0,0.0,0.0,0.0,0.0,0.0,0.0,0.0,0.0,0.0,0.0,0.0,0.0,0.0,0.0,14.0,0.0,2.0,0.0,1950.0
0.0,0.0,1.0,0.0,1.0,1.0,0.0,0.0,0.0,0.0,0.0,0.0,12.0,0.0,17.0,0.0,0.0,0.0,0.0,0.0,0.0,0.0,8.0,3988.0,1.0,0.0,0.0,16.0,0.0,0.0,1.0,0.0,Truman,1.0,0.0,5.0,1.0,1.0,19.0,0.0,0.0,0.0,0.0,0.0,0.0,7.0,2.0,0.0,0.0,0.0,0.0,0.0,0.0,0.0,0.0,13.0,1.0,1.0,1.0,1951.0
0.0,0.0,1.0,1.0,0.0,1.0,0.0,0.0,0.0,2.0,2.0,0.0,14.0,1.0,18.0,1.0,0.0,2.0,0.0,2.0,0.0,0.0,11.0,5334.0,0.0,0.0,0.0,11.0,0.0,0.0,0.0,0.0,Truman,0.0,0.0,0.0,4.0,4.0,7.0,2.0,0.0,0.0,0.0,0.0,0.0,6.0,0.0,0.0,0.0,0.0,0.0,0.0,0.0,0.0,0.0,24.0,0.0,0.0,0.0,1952.0
0.0,1.0,1.0,2.0,1.0,1.0,0.0,0.0,0.0,1.0,15.0,0.0,2.0,0.0,25.0,1.0,0.0,3.0,0.0,0.0,1.0,0.0,7.0,9599.0,0.0,0.0,0.0,19.0,0.0,0.0,0.0,1.0,Truman,0.0,0.0,2.0,0.0,0.0,35.0,4.0,0.0,1.0,0.0,0.0,0.0,8.0,1.0,0.0,2.0,0.0,0.0,0.0,0.0,0.0,0.0,83.0,0.0,0.0,2.0,1953.0
0.0,0.0,0.0,0.0,0.0,2.0,0.0,0.0,1.0,2.0,2.0,1.0,5.0,1.0,10.0,2.0,0.0,1.0,0.0,1.0,1.0,0.0,0.0,5036.0,0.0,0.0,0.0,6.0,1.0,0.0,1.0,0.0,Trump,0.0,0.0,0.0,0.0,0.0,0.0,1.0,0.0,5.0,5.0,0.0,0.0,4.0,2.0,0.0,2.0,0.0,0.0,0.0,0.0,0.0,0.0,10.0,0.0,2.0,0.0,2017.0
1.0,0.0,1.0,1.0,1.0,1.0,0.0,0.0,1.0,1.0,3.0,1.0,7.0,0.0,4.0,1.0,0.0,3.0,1.0,7.0,1.0,0.0,7.0,5190.0,1.0,1.0,0.0,4.0,1.0,1.0,1.0,6.0,Trump,0.0,0.0,1.0,0.0,0.0,0.0,2.0,0.0,9.0,1.0,8.0,6.0,5.0,3.0,1.0,1.0,0.0,0.0,0.0,0.0,0.0,0.0,10.0,0.0,0.0,0.0,2018.0
0.0,0.0,0.0,0.0,0.0,3.0,0.0,0.0,0.0,0.0,1.0,0.0,0.0,0.0,8.0,0.0,0.0,0.0,0.0,0.0,0.0,0.0,0.0,8240.0,1.0,0.0,0.0,1.0,0.0,0.0,4.0,0.0,Tyler,0.0,0.0,0.0,0.0,0.0,0.0,0.0,0.0,0.0,0.0,0.0,0.0,0.0,0.0,0.0,0.0,0.0,0.0,1.0,1.0,0.0,0.0,10.0,0.0,0.0,0.0,1841.0
0.0,0.0,1.0,0.0,0.0,2.0,0.0,0.0,0.0,1.0,1.0,0.0,0.0,0.0,6.0,0.0,0.0,0.0,0.0,0.0,0.0,0.0,0.0,8401.0,1.0,0.0,0.0,4.0,0.0,0.0,2.0,0.0,Tyler,0.0,0.0,0.0,0.0,0.0,0.0,0.0,0.0,0.0,0.0,0.0,0.0,5.0,5.0,0.0,0.0,0.0,0.0,1.0,1.0,0.0,0.0,24.0,0.0,1.0,0.0,1842.0
0.0,0.0,1.0,1.0,1.0,2.0,0.0,0.0,0.0,0.0,2.0,0.0,0.0,0.0,7.0,0.0,0.0,0.0,0.0,0.0,0.0,0.0,0.0,8026.0,0.0,0.0,0.0,3.0,0.0,0.0,3.0,0.0,Tyler,0.0,0.0,1.0,0.0,0.0,0.0,1.0,0.0,0.0,0.0,0.0,0.0,2.0,2.0,0.0,0.0,1.0,0.0,0.0,0.0,0.0,0.0,27.0,2.0,2.0,0.0,1843.0
0.0,0.0,1.0,1.0,0.0,3.0,0.0,0.0,0.0,0.0,0.0,0.0,0.0,0.0,3.0,0.0,0.0,0.0,0.0,0.0,0.0,0.0,0.0,9309.0,1.0,0.0,0.0,1.0,0.0,0.0,6.0,0.0,Tyler,0.0,0.0,2.0,1.0,0.0,0.0,1.0,0.0,0.0,0.0,0.0,0.0,7.0,5.0,0.0,1.0,0.0,0.0,1.0,1.0,0.0,0.0,27.0,1.0,0.0,0.0,1844.0
0.0,0.0,0.0,0.0,0.0,0.0,0.0,0.0,0.0,0.0,0.0,0.0,0.0,0.0,0.0,0.0,0.0,0.0,0.0,0.0,0.0,0.0,0.0,0.0,0.0,0.0,0.0,0.0,0.0,0.0,0.0,0.0,Washington,0.0,0.0,0.0,0.0,0.0,0.0,0.0,0.0,0.0,0.0,0.0,0.0,0.0,0.0,0.0,0.0,0.0,0.0,0.0,0.0,0.0,0.0,0.0,0.0,0.0,0.0,1790.0
0.0,0.0,0.0,0.0,0.0,0.0,0.0,0.0,0.0,0.0,0.0,0.0,0.0,0.0,0.0,0.0,0.0,0.0,0.0,0.0,0.0,0.0,0.0,2303.0,0.0,0.0,0.0,0.0,0.0,0.0,0.0,0.0,Washington,0.0,0.0,0.0,0.0,0.0,0.0,0.0,0.0,0.0,0.0,0.0,0.0,0.0,0.0,0.0,0.0,0.0,0.0,0.0,0.0,0.0,0.0,4.0,0.0,0.0,0.0,1791.0
0.0,0.0,0.0,0.0,0.0,0.0,0.0,0.0,0.0,0.0,0.0,0.0,0.0,0.0,0.0,0.0,0.0,0.0,0.0,0.0,0.0,0.0,0.0,2098.0,0.0,0.0,0.0,0.0,0.0,0.0,0.0,0.0,Washington,0.0,0.0,0.0,0.0,0.0,0.0,0.0,0.0,0.0,0.0,0.0,0.0,1.0,1.0,0.0,0.0,0.0,0.0,2.0,2.0,0.0,0.0,9.0,0.0,0.0,0.0,1792.0
0.0,0.0,0.0,0.0,0.0,0.0,0.0,0.0,0.0,0.0,0.0,0.0,0.0,0.0,2.0,0.0,0.0,0.0,0.0,0.0,0.0,0.0,0.0,1965.0,0.0,0.0,0.0,6.0,0.0,0.0,0.0,0.0,Washington,0.0,0.0,0.0,0.0,0.0,0.0,0.0,0.0,0.0,0.0,0.0,0.0,0.0,0.0,0.0,0.0,0.0,0.0,2.0,2.0,0.0,0.0,9.0,0.0,0.0,0.0,1793.0
0.0,0.0,4.0,0.0,0.0,0.0,0.0,0.0,1.0,0.0,1.0,0.0,0.0,0.0,5.0,0.0,0.0,0.0,0.0,1.0,0.0,0.0,0.0,2915.0,0.0,0.0,0.0,2.0,0.0,0.0,0.0,0.0,Washington,0.0,0.0,0.0,1.0,1.0,0.0,0.0,0.0,0.0,0.0,0.0,0.0,1.0,0.0,0.0,1.0,0.0,0.0,0.0,0.0,0.0,0.0,6.0,0.0,0.0,0.0,1794.0
0.0,0.0,2.0,0.0,0.0,0.0,0.0,0.0,0.0,0.0,0.0,0.0,0.0,0.0,4.0,0.0,0.0,0.0,0.0,0.0,0.0,0.0,0.0,1986.0,0.0,0.0,0.0,3.0,0.0,0.0,0.0,0.0,Washington,0.0,0.0,0.0,0.0,0.0,0.0,0.0,0.0,0.0,0.0,0.0,0.0,1.0,1.0,0.0,0.0,0.0,0.0,0.0,0.0,0.0,0.0,6.0,0.0,0.0,0.0,1795.0
0.0,0.0,0.0,0.0,0.0,0.0,0.0,0.0,0.0,0.0,0.0,0.0,0.0,0.0,6.0,0.0,0.0,0.0,0.0,0.0,0.0,0.0,0.0,2867.0,0.0,0.0,0.0,5.0,0.0,0.0,1.0,0.0,Washington,0.0,0.0,0.0,0.0,0.0,0.0,0.0,0.0,0.0,0.0,0.0,0.0,0.0,0.0,0.0,0.0,0.0,0.0,2.0,2.0,0.0,0.0,13.0,0.0,1.0,0.0,1796.0
0.0,0.0,0.0,0.0,0.0,1.0,0.0,0.0,0.0,0.0,0.0,0.0,0.0,0.0,0.0,0.0,0.0,0.0,0.0,0.0,0.0,0.0,0.0,3552.0,0.0,0.0,0.0,1.0,0.0,0.0,0.0,0.0,Wilson,0.0,0.0,0.0,0.0,0.0,0.0,0.0,0.0,0.0,0.0,0.0,0.0,1.0,1.0,1.0,0.0,0.0,0.0,0.0,0.0,0.0,0.0,7.0,0.0,0.0,0.0,1913.0
0.0,0.0,3.0,0.0,0.0,0.0,0.0,0.0,0.0,0.0,5.0,0.0,0.0,0.0,1.0,0.0,0.0,0.0,0.0,0.0,0.0,0.0,0.0,4533.0,2.0,0.0,0.0,3.0,0.0,0.0,2.0,0.0,Wilson,0.0,0.0,0.0,1.0,1.0,0.0,0.0,0.0,0.0,0.0,0.0,0.0,2.0,2.0,0.0,0.0,0.0,0.0,0.0,0.0,0.0,0.0,12.0,0.0,0.0,0.0,1914.0
0.0,0.0,8.0,14.0,0.0,2.0,0.0,0.0,1.0,0.0,1.0,0.0,3.0,0.0,7.0,0.0,0.0,0.0,0.0,0.0,0.0,0.0,0.0,7686.0,18.0,15.0,0.0,3.0,0.0,0.0,10.0,0.0,Wilson,0.0,0.0,0.0,0.0,0.0,0.0,0.0,0.0,0.0,0.0,0.0,0.0,2.0,1.0,0.0,1.0,0.0,0.0,0.0,0.0,0.0,0.0,17.0,0.0,0.0,0.0,1915.0
0.0,0.0,0.0,0.0,0.0,0.0,0.0,0.0,0.0,0.0,0.0,0.0,0.0,0.0,1.0,0.0,0.0,0.0,0.0,0.0,0.0,0.0,0.0,2117.0,0.0,0.0,0.0,5.0,0.0,0.0,0.0,0.0,Wilson,0.0,0.0,0.0,0.0,0.0,0.0,0.0,0.0,0.0,0.0,0.0,0.0,0.0,0.0,0.0,0.0,0.0,0.0,0.0,0.0,0.0,0.0,1.0,0.0,0.0,0.0,1916.0
0.0,0.0,0.0,1.0,0.0,0.0,0.0,0.0,6.0,0.0,4.0,0.0,4.0,0.0,7.0,0.0,0.0,0.0,0.0,0.0,0.0,0.0,0.0,3913.0,0.0,0.0,0.0,3.0,0.0,0.0,0.0,0.0,Wilson,0.0,0.0,6.0,0.0,0.0,0.0,1.0,0.0,0.0,0.0,0.0,0.0,1.0,1.0,0.0,0.0,0.0,0.0,0.0,0.0,0.0,0.0,36.0,1.0,0.0,0.0,1917.0
0.0,0.0,0.0,5.0,0.0,1.0,0.0,0.0,2.0,3.0,1.0,0.0,1.0,0.0,7.0,3.0,0.0,0.0,0.0,0.0,0.0,0.0,0.0,5465.0,0.0,0.0,0.0,2.0,0.0,0.0,2.0,0.0,Wilson,0.0,0.0,0.0,2.0,2.0,0.0,1.0,0.0,1.0,0.0,0.0,0.0,0.0,0.0,0.0,0.0,1.0,1.0,2.0,1.0,0.0,0.0,28.0,0.0,0.0,0.0,1918.0
0.0,0.0,0.0,1.0,0.0,0.0,0.0,0.0,1.0,0.0,1.0,0.0,0.0,0.0,4.0,0.0,0.0,0.0,0.0,0.0,0.0,0.0,0.0,4755.0,0.0,0.0,0.0,0.0,0.0,0.0,0.0,0.0,Wilson,0.0,0.0,1.0,4.0,4.0,0.0,0.0,0.0,1.0,0.0,0.0,0.0,2.0,1.0,0.0,1.0,0.0,0.0,0.0,0.0,0.0,0.0,17.0,0.0,0.0,0.0,1919.0
0.0,0.0,0.0,0.0,0.0,0.0,0.0,0.0,0.0,0.0,0.0,0.0,1.0,0.0,7.0,0.0,0.0,0.0,0.0,0.0,0.0,0.0,0.0,2705.0,0.0,0.0,0.0,1.0,0.0,0.0,0.0,0.0,Wilson,0.0,0.0,0.0,0.0,0.0,0.0,0.0,0.0,0.0,0.0,0.0,0.0,0.0,0.0,0.0,0.0,0.0,0.0,0.0,0.0,0.0,0.0,16.0,0.0,0.0,0.0,1920.0
